filename,song_title,artist,genre
If_I_Was_-_Kavi_Jezzie_Hockaday_spectrogram.png,If I Was,Kavi Jezzie Hockaday,Folk / Acoustic
Maybe_Its_Alright_-_Pure_Mids_spectrogram.png,Maybe Its Alright,Pure Mids,Indie Pop
Always_-_THE_DLX (3)_spectrogram.png,Always,THE DLX (3),Pop
Zaranka_-_Space_Jam_spectrogram.png,Zaranka,Space Jam,Electronic
Nuvole_di_pensieri_-_Matteo_Maria_Di_Tommaso_spectrogram.png,Nuvole di pensieri,Matteo Maria Di Tommaso,Instrumental
Manfred_Merkel_-_Brighter_Than_The_Sky_spectrogram.png,Manfred Merkel,Brighter Than The Sky,Pop
Reflection_-_The_Hedgerow_Folk_spectrogram.png,Reflection,The Hedgerow Folk,Folk
Complimenti_-_Shiva_(2)_spectrogram.png,Complimenti,Shiva (2),Pop
Rising_Bones_-_Mr._Rock (1)_spectrogram.png,Rising Bones,Mr. Rock (1),Rock
Éclats_de_Vers_-_Rhumantik (2)_spectrogram.png,Éclats de Vers,Rhumantik (2),Pop
Out_Of_The_Blue_-_Explosive_Ear_Candy_spectrogram.png,Out Of The Blue,Explosive Ear Candy,Pop Rock
Marigold_-_Sonic_Wash_spectrogram.png,Marigold,Sonic Wash,Alternative Rock
Danny_Van_Taurus_-_Dark_flow_-_Danny_Van_Taurus_spectrogram.png,Danny Van Taurus - Dark flow,Danny Van Taurus,Deep House
Do_You_Remember_-_GrayMic_spectrogram.png,Do You Remember,GrayMic,Lo-fi
Bad_Impression_-_West_Coast_Weekend_spectrogram.png,Bad Impression,West Coast Weekend,Indie Rock
Cheat_On_Life_-_The_Spin_Wires_(2)_spectrogram.png,Cheat On Life,The Spin Wires (2),Punk Rock
On_My_Way_-_Kavi_Jezzie_Hockaday_spectrogram.png,On My Way,Kavi Jezzie Hockaday,Folk / Acoustic
Hello_My_Future_Girlfriend_-_Final_Round (2)_spectrogram.png,Hello My Future Girlfriend,Final Round (2),Pop
Day_Ams_-_Soltero_Ft_Milver_L_(Prod_by_Gblobal_Entertainment)_-_Day_Ams_spectrogram.png,Day Ams - Soltero Ft Milver L (Prod by Gblobal Entertainment),Day Ams,Latin
Kentix_-_Nos_vies_-_Kentix_spectrogram.png,Kentix - Nos vies,Kentix,Pop
The_Vow_-_Spread_Some_Love_spectrogram.png,The Vow,Spread Some Love,Pop
Filename,Song Title,Artist,Genre
Chains_-_Lower_Loveday_spectrogram.png,Chains,Lower Loveday,Indie Rock
Alone_-_Saint_Rel_(2)_spectrogram.png,Alone,Saint Rel (2),Electronic
Acceptance_-_Evgenia_Kostitsyna_spectrogram.png,Acceptance,Evgenia Kostitsyna,Instrumental / Ambient
Loud.drop_-_Loud.drop_-_Real_spectrogram.png,Loud.drop - Loud.drop,Real,Electronic
Leave_me_now_-_november11_spectrogram.png,Leave me now,november11,Electronic
Love_You_More_-_Kavi_Jezzie_Hockaday_spectrogram.png,Love You More,Kavi Jezzie Hockaday,Folk / Acoustic
Stassia_-_Road_-_Stassia_spectrogram.png,Stassia - Road,Stassia,Pop
Encephalon_-_VITNE (1)_spectrogram.png,Encephalon,VITNE (1),Heavy Metal
I_dance_to_the_Jazz_of_the_50s_-_Aurbanni_spectrogram.png,I dance to the Jazz of the 50s,Aurbanni,Jazz
Shauna's_Theme_-_Jorgen_Kruse_spectrogram.png,Shauna's Theme,Jorgen Kruse,Instrumental / Ambient
Filename,Song Title,Artist,Genre
I_Know_Now_-_Xander_Black_spectrogram.png,I Know Now,Xander Black,Pop
Lofi_and_Coffee_-_Jon_J._Morin_spectrogram.png,Lofi and Coffee,Jon J. Morin,Lo-fi
Impression_-_MCKOOL_spectrogram.png,Impression,MCKOOL,Electronic
Can't_Dance_To_Your_Rhythm_-_Junk_Love_spectrogram.png,Can't Dance To Your Rhythm,Junk Love,Alternative Rock
Legends_-_FantomStudio_spectrogram.png,Legends,FantomStudio,Electronic
Waste_My_Time_-_The_Devil_Music_Co._(2)_spectrogram.png,Waste My Time,The Devil Music Co. (2),Rock
STUMP_IT_-_J_Bert_(2)_spectrogram.png,STUMP IT,J Bert (2),Electronic
Gold_Sequence_-_Movement_of_Life_(Original_Mix)_-_StockXL_spectrogram.png,Gold Sequence - Movement of Life (Original Mix),StockXL,Electronic
Revolving_Door_(feat.Lusty_Apricot_&_Elle_Rose)_-_Tab_(2) (1)_spectrogram.png,Revolving Door (feat.Lusty Apricot & Elle Rose),Tab (2) (1),Electronic
RIZA_music_-_Vertigo_spectrogram.png,RIZA music,Vertigo,Pop
Boulvard_X-Audi_-_Make_a_level_spectrogram.png,Boulvard X-Audi,Make a level,Electronic
Limitless_-_PaulWernerMusic_spectrogram.png,Limitless,PaulWernerMusic,Electronic
High_Hopes_-_Color_Out_spectrogram.png,High Hopes,Color Out,Rock
Stuttgart_-_Portrayal_spectrogram.png,Stuttgart,Portrayal,Indie Rock
Not_My_Problem_-_All_My_Friends_Hate_Me (1)_spectrogram.png,Not My Problem,All My Friends Hate Me (1),Indie Rock
Palmo_X_-_Forest_Runner_-_Palmo_X_spectrogram.png,Palmo X - Forest Runner,Palmo X,Electronic
How_Weird_It_Is..._(Original_Mix)_-_Sun_Spot_(3)_spectrogram.png,How Weird It Is... (Original Mix),Sun Spot (3),Electronic
Smooth_-_tomislav.ocvirek_spectrogram.png,Smooth,tomislav.ocvirek,Jazz
The_Cross_-_Mary_And_The_Ram_spectrogram.png,The Cross,Mary And The Ram,Alternative Rock
Esprit_de_l'arbre_2_-_francesco (1)_spectrogram.png,Esprit de l'arbre 2,francesco (1),Ambient
Gentle_Classical_Piano_Waltz_-_Raw_Vibrations_spectrogram.png,Gentle Classical Piano Waltz,Raw Vibrations,Classical / Piano
A_Lonely_Road_-_Caleb_Lemond_spectrogram.png,A Lonely Road,Caleb Lemond,Folk
The_Secret_-_Eliot_Feldman_spectrogram.png,The Secret,Eliot Feldman,Pop
Ballyhoo_-_Barefoot_McCoy_spectrogram.png,Ballyhoo,Barefoot McCoy,Folk / Acoustic
Imagine_That_(In_The_Morning)_-_Seth_Power_(2)_spectrogram.png,Imagine That (In The Morning),Seth Power (2),Pop
Body_Up_Dj_Wallace_-_dj_wallace_spectrogram.png,Body Up Dj Wallace,dj wallace,Electronic / Dance
Ogi_Feel_the_Beat_-_Tristeza_spectrogram.png,Ogi Feel the Beat,Tristeza,Electronic / Chill
Kentix_-_Kentix_-_Ça_Rend_Heureux_spectrogram.png,Kentix - Kentix,Ça Rend Heureux,Pop
Vinyl_Blast_-_Am_I_Free_-_Vinyl_Blast_spectrogram.png,Vinyl Blast - Am I Free,Vinyl Blast,Electronic
Forward._-_ERIKSON_spectrogram.png,Forward.,ERIKSON,Pop
Stacks_-_Wordsmith_spectrogram.png,Stacks,Wordsmith,Hip-Hop
Miguel_Angel_Albentosa_Bó_(MaaBo)_-_Vistas_al_Mar_(piano)_spectrogram.png,Miguel Angel Albentosa Bó (MaaBo),Vistas al Mar (piano),Instrumental / Piano
My_Bad_-_All_My_Friends_Hate_Me_spectrogram.png,My Bad,All My Friends Hate Me,Indie Rock
Crows_-_Hypnocrates_spectrogram.png,Crows,Hypnocrates,Electronic
Anyway_-_the.madpix.project_spectrogram.png,Anyway,the.madpix.project,Electronic
ChoiceTune_-_Get_Crazy_spectrogram.png,ChoiceTune,Get Crazy,Electronic
Phonon_-_zeropage_spectrogram.png,Phonon,zeropage,Electronic
Lucky_and_Ugly_-_freshbodyshop_spectrogram.png,Lucky and Ugly,freshbodyshop,Rock / Alternative
Vinyl_Blast_-_Don't_Kill_Me_-_Vinyl_Blast_spectrogram.png,Vinyl Blast - Don't Kill Me,Vinyl Blast,Electronic
Heart_Attack_-_West_Coast_Weekend_spectrogram.png,Heart Attack,West Coast Weekend,Indie Rock
PacificDrive_-_Heat_Wave_spectrogram.png,PacificDrive,Heat Wave,Electronic / Synthwave
Ways_(Storm_is_Near)_-_SINGLETON_spectrogram.png,Ways (Storm is Near),SINGLETON,Rock
Mackenzie_-_Always_the_Alibi_spectrogram.png,Mackenzie,Always the Alibi,Indie Pop
King_or_pawn_-_Timm_Thaler_spectrogram.png,King or pawn,Timm Thaler,Rock
Honey_-_Paxton_Pennington_spectrogram.png,Honey,Paxton Pennington,Pop
Don't_Care_About_You_-_Square_a_Saw_spectrogram.png,Don't Care About You,Square a Saw,Pop
The_Fire_That_Burns_Inside_-_Lower_Loveday_spectrogram.png,The Fire That Burns Inside,Lower Loveday,Indie Rock
GET_IT_-_Archangeur_spectrogram.png,GET IT,Archangeur,Hip-Hop
Photonnia_-_Inception_spectrogram.png,Photonnia,Inception,Electronic
Impression_-_MCKOOL (3)_spectrogram.png,Impression,MCKOOL (3),Electronic
Nightfall_-_ONSTEAD_spectrogram.png,Nightfall,ONSTEAD,Electronic
Bohemia_-_Bellevue_spectrogram.png,Bohemia,Bellevue,Indie Rock
Vinyl_Blast_-_Don't_Kill_Me_-_Vinyl_Blast (1)_spectrogram.png,Vinyl Blast - Don't Kill Me,Vinyl Blast (1),Electronic
Filename,Song Title,Artist,Genre
Heart_of_a_Lion_(Leo)_-_RENAE_spectrogram.png,Heart of a Lion (Leo),RENAE,Pop / R&B
Igor_Pumphonia_-_Desire_-_ChillRecords_spectrogram.png,Igor Pumphonia - Desire,ChillRecords,Electronic / Chill
RENAE_-_Glow_in_the_Dark_(Scorpio)_spectrogram.png,RENAE,Glow in the Dark (Scorpio),Pop / R&B
Always_-_THE_DLX (1)_spectrogram.png,Always,THE DLX (1),Pop
Stay_Up_-_All_My_Friends_Hate_Me (1)_spectrogram.png,Stay Up,All My Friends Hate Me (1),Indie Rock
In_the_clouds_-_Jacques_NEUEN_spectrogram.png,In the clouds,Jacques NEUEN,Ambient
Lo-fi_Type_Beat_-_PeryCreep_spectrogram.png,Lo-fi Type Beat,PeryCreep,Lo-fi / Hip-Hop
Overcome_Reality_-_freshbodyshop_spectrogram.png,Overcome Reality,freshbodyshop,Rock / Alternative
Good_Man_-_Curtis_Holland_Jr._feat._Kevin_Edlin_spectrogram.png,Good Man,Curtis Holland Jr. feat. Kevin Edlin,Pop
Neon_Movement_-_U_Make_Me_spectrogram.png,Neon Movement,U Make Me,Electronic / Synthwave
Barry_-_Mud_On_Road__ENGINEER_(MASTER)_v2_-_UNSCANNABLE_spectrogram.png,Barry - Mud On Road  ENGINEER (MASTER) v2,UNSCANNABLE,Rock
Laurens_Song_-_Caleb_Lemond_spectrogram.png,Laurens Song,Caleb Lemond,Folk
OUT_OF_THE_WAY_-_David_Ryan_spectrogram.png,OUT OF THE WAY,David Ryan,Rock
In_the_heart_(piano_version)_-_Syrgi_Romeo_spectrogram.png,In the heart (piano version),Syrgi Romeo,Instrumental / Piano
The_Sean_Moon_Band_-_Out_Here_spectrogram.png,The Sean Moon Band,Out Here,Rock
Carbon_Casca_-_Coming_Up_(Feat._Gee_Flaggz)_-_Carbon_Casca_spectrogram.png,Carbon Casca - Coming Up (Feat. Gee Flaggz),Carbon Casca,Hip-Hop
Childsanonymous_-_TRENCHES_spectrogram.png,Childsanonymous,TRENCHES,Hip-Hop
Buck_Slenderly_-_Balance_(Produced_by_Lazuli)_spectrogram.png,Buck Slenderly,Balance (Produced by Lazuli),Hip-Hop
Erich_kommt_rein_-_Coehn_Foehrb_spectrogram.png,Erich kommt rein,Coehn Foehrb,Hip-Hop
Gölden_Palace_-_On_The_Line (1)_spectrogram.png,Gölden Palace,On The Line (1),Indie Rock
This_Is_War_-_AIRE_spectrogram.png,This Is War,AIRE,Electronic
A_Step_Closer_To_Your_Room_-_Ping_Pong_Club_spectrogram.png,A Step Closer To Your Room,Ping Pong Club,Indie Pop
Graveyard_-_The_Liquid_Kitchen_(3)_spectrogram.png,Graveyard,The Liquid Kitchen (3),Alternative Rock
Kiss_Me_-_Liv_Margaret_spectrogram.png,Kiss Me,Liv Margaret,Indie Pop
Dreadpool_-_Let_The_Sunshine_In_spectrogram.png,Dreadpool,Let The Sunshine In,Hip-Hop
Ashot_Danielyan_Composer_-_Airy_Morning_(Meditative_Relaxing)_spectrogram.png,Ashot Danielyan Composer,Airy Morning (Meditative Relaxing),Ambient / Meditation
Breath_of_Wind_-_Decision_Space_spectrogram.png,Breath of Wind,Decision Space,Ambient / Electronic
Let_Go_-_Virgin_Joy (1)_spectrogram.png,Let Go,Virgin Joy (1),Pop
Lady_Bee_-_The_NUV_spectrogram.png,Lady Bee,The NUV,Electronic
Every_Moment_-_Arto_Kumanto_(2)_spectrogram.png,Every Moment,Arto Kumanto (2),Electronic
The_Reason_-_Hakim_Bar_Veg_Elk_spectrogram.png,The Reason,Hakim Bar Veg Elk,Hip-Hop
Legends_-_FantomStudio_spectrogram.png,Legends,FantomStudio,Electronic
Collective_-_Branton_spectrogram.png,Collective,Branton,Electronic
Filename,Song Title,Artist,Genre
Emptiness_(Original_Mix)_-_Sun_Spot_(3)_spectrogram.png,Emptiness (Original Mix),Sun Spot (3),Ambient
Runaway_-_Back_On_Earth_spectrogram.png,Runaway,Back On Earth,Alternative Rock
Tapetunes_-_Sea_Breath_spectrogram.png,Tapetunes,Sea Breath,Ambient / Electronic
Deep_Meditation_-_Stock_Studio (1)_spectrogram.png,Deep Meditation,Stock Studio (1),Ambient
Clair_De_Lune_-_Aurbanni_spectrogram.png,Clair De Lune,Aurbanni,Classical
little_old_sweet_town_-_Blooming_Memories_spectrogram.png,little old sweet town,Blooming Memories,Alternative Rock
Oasis_-_Liv_Margaret (2)_spectrogram.png,Oasis,Liv Margaret (2),Indie Pop
Lyrical_Romantic_Piano_-_michael_lerm_spectrogram.png,Lyrical Romantic Piano,michael lerm,Instrumental / Piano
Caught-off-guard_-_PTOWN1200_spectrogram.png,Caught-off-guard,PTOWN1200,Electronic
The_stars_are_shining_bright_-_Bob_Rocket_music_(2)_spectrogram.png,The stars are shining bright,Bob Rocket music (2),Folk / Acoustic
To_Care_-_Arto_Kumanto_(2)_spectrogram.png,To Care,Arto Kumanto (2),Folk
Get_the_flow_-_Beat_scientist_spectrogram.png,Get the flow,Beat scientist,Hip-Hop
Pourin_Moe_by_The_East_Side_Hustlas_-_cartel_spectrogram.png,Pourin Moe by The East Side Hustlas,cartel,Hip-Hop
10-Welan_Edvee_-_E.R.P.L.V_-_Welan_Edvee_(3)_spectrogram.png,10-Welan Edvee - E.R.P.L.V,Welan Edvee (3),Electronic
The_Flood_-_BLC_MIRROR_CLB_spectrogram.png,The Flood,BLC MIRROR CLB,Electronic
Learn_From_Me_-_Jonathan_Dimmel_spectrogram.png,Learn From Me,Jonathan Dimmel,Pop
The_Girl_I_Haven't_Met_-_DreamHeaven_spectrogram.png,The Girl I Haven't Met,DreamHeaven,Ambient / Electronic
If_I_could_go_back_-_enrico.ciabattiagmail.com_spectrogram.png,If I could go back,enrico.ciabattiagmail.com,Instrumental
Venu_d'ailleurs_-_Laurent_Danis_spectrogram.png,Venu d'ailleurs,Laurent Danis,Instrumental / Ambient
The_Flood_-_BLC_MIRROR_CLB (2)_spectrogram.png,The Flood,BLC MIRROR CLB (2),Electronic
"I_Got_Your_Back,_Kid_feat._Howi_Spangler_-_Wes_Anderson_spectrogram.png","I Got Your Back, Kid feat. Howi Spangler ",Wes Anderson,Pop
See_You_Again_-_Kavi_Jezzie_Hockaday_spectrogram.png,See You Again,Kavi Jezzie Hockaday,Folk / Acoustic
Headlights_-_Dan_Plants_spectrogram.png,Headlights,Dan Plants,Electronic
Don’t_Talk_to_Me_-_Emily_and_the_Blackouts_spectrogram.png,Don’t Talk to Me,Emily and the Blackouts,Rock
Love_-_lillywolf_spectrogram.png,Love,lillywolf,Alternative Rock
Emptiness_(Original_Mix)_-_Sun_Spot_(3) (1)_spectrogram.png,Emptiness (Original Mix),Sun Spot (3) (1),Ambient
Travel_-_Soul-Prod_spectrogram.png,Travel - Soul,Prod,Soul / R&B
Вдвоём_-_Anna_Niagara_(2)_spectrogram.png,Вдвоём,Anna Niagara (2),Pop
Chances_-_The_Devil_Music_Co._(2)_spectrogram.png,Chances,The Devil Music Co. (2),Rock
Sleep_-_Spa_Relax_spectrogram.png,Sleep,Spa Relax,Ambient / Relaxation
Hold_Me_-_Pokki_DJ_(2)_spectrogram.png,Hold Me,Pokki DJ (2),Electronic
Palmo_X_-_Monday_-_Palmo_X_spectrogram.png,Palmo X - Monday,Palmo X,Electronic
MCO_-_Universe_-_Marco_Margna_spectrogram.png,MCO - Universe,Marco Margna,Electronic
Confession_-_Quesabe_spectrogram.png,Confession,Quesabe,Electronic
Siarhei_Korbut_-_Sleepy_Drops_spectrogram.png,Siarhei Korbut,Sleepy Drops,Ambient
lofi_hip_hop_trevel_relax_-_Sergei_(4)_spectrogram.png,lofi hip hop trevel relax,Sergei (4),Lo-fi Hip Hop
In_Tune_(J._Glaze_Remix)_-_Kellee_Maize_spectrogram.png,In Tune (J. Glaze Remix),Kellee Maize,Electronic
Mahidevran_Rock_Band_-_Mahidevran_-_Book_of_eternity (1)_spectrogram.png,Mahidevran Rock Band - Mahidevran,Book of eternity (1),Rock
The_Mountain_-_Meditation_spectrogram.png,The Mountain,Meditation,Ambient / Meditation
MokkaMusic_-_Club_Future_House_spectrogram.png,MokkaMusic,Club Future House,Electronic / House
Desert_Gardens_-_Kosash_spectrogram.png,Desert Gardens,Kosash,Instrumental
Mitch_for_Mayor_-_Unfreeable_spectrogram.png,Mitch for Mayor,Unfreeable,Rock
Graveyard_-_The_Liquid_Kitchen_(3) (2)_spectrogram.png,Graveyard,The Liquid Kitchen (3) (2),Alternative Rock
Ashot_Danielyan_Composer_-_Airy_Day_In_Colombo_(Meditative_Relaxing)_spectrogram.png,Ashot Danielyan Composer,Airy Day In Colombo (Meditative Relaxing),Ambient / Meditation
Double_Lyrical_-_Little_Crazy_(WAV)_-_Double_Lyrical_spectrogram.png,Double Lyrical - Little Crazy (WAV),Double Lyrical,Hip-Hop
LA_Scallywag_-_Hypotenuse_spectrogram.png,LA Scallywag,Hypotenuse,Electronic
This_Lo-Fi_-_Perfect_Choice_Stuff_spectrogram.png,This Lo-Fi,Perfect Choice Stuff,Lo-fi
Chill_Ambient_Atmosphere_-_Dmitriy_(2) (1)_spectrogram.png,Chill Ambient Atmosphere,Dmitriy (2) (1),Ambient
Two_-_Kinematic (1)_spectrogram.png,Two,Kinematic (1),Indie Rock
Chains_-_Lower_Loveday (1)_spectrogram.png,Chains,Lower Loveday (1),Indie Rock
African_Dance_-_T-Trider_(2)_spectrogram.png,African Dance - T,Trider (2),World / African
"Contener_-_Papicherry_ft._Kali_D,_Jtoonz,_Minor_Tunez_&_Cmelody_-_Papicherry_spectrogram.png","Contener - Papicherry ft. Kali D, Jtoonz, Minor Tunez & Cmelody ",Papicherry,Hip-Hop
Save_Me_-_Back_On_Earth_spectrogram.png,Save Me,Back On Earth,Alternative Rock
Jplucky_-_Shuffle_for_K.M_spectrogram.png,Jplucky,Shuffle for K.M,Instrumental
Feito_-_Lessky_spectrogram.png,Feito,Lessky,Latin / Pop
Eyez_On_The_Prize_-_Exmiranda_spectrogram.png,Eyez On The Prize,Exmiranda,Hip-Hop
Graveyard_-_The_Liquid_Kitchen_(3) (1)_spectrogram.png,Graveyard,The Liquid Kitchen (3) (1),Alternative Rock
Drop_-_Bob_Rocket_music_(2)_spectrogram.png,Drop,Bob Rocket music (2),Electronic
Depth_of_Night_-_TransistorBuddha_spectrogram.png,Depth of Night,TransistorBuddha,Ambient
Flowers_(From_Her_Gun)_-_Red_Crickets_spectrogram.png,Flowers (From Her Gun),Red Crickets,Alternative Rock
Butterfly_-_Cafe_Del_Chillia_spectrogram.png,Butterfly,Cafe Del Chillia,Electronic / Chill
Safety_Belt_-_The_Devil_Music_Co._(2)_spectrogram.png,Safety Belt,The Devil Music Co. (2),Rock
Facial_-_Solxis_(3)_spectrogram.png,Facial,Solxis (3),Electronic
Heart_of_Winter_-_Curtis_Holland_Jr._feat._Kevin_Edlin_spectrogram.png,Heart of Winter,Curtis Holland Jr. feat. Kevin Edlin,Pop
Aminolen_-_Tears_spectrogram.png,Aminolen,Tears,Electronic
CHEMICALS_-_Glass_Violet (1)_spectrogram.png,CHEMICALS,Glass Violet (1),Alternative Rock
LEEAAV_-_IN_THIS_DARK_spectrogram.png,LEEAAV,IN THIS DARK,Electronic
Gnosis_Hardware_-_Professor_Kliq (2)_spectrogram.png,Gnosis Hardware,Professor Kliq (2),Electronic
Luck's_All_Gone_-_The_Devil_Music_Co._(2)_spectrogram.png,Luck's All Gone,The Devil Music Co. (2),Rock
Syberia_-_GroovyVoxx_spectrogram.png,Syberia,GroovyVoxx,Electronic
ARVIVAL_-_Sunset_Cafe_spectrogram.png,ARVIVAL,Sunset Cafe,Electronic / Chill
Crystalline_-_Ping_Pong_Club_spectrogram.png,Crystalline,Ping Pong Club,Indie Pop
Rocket_Man_-_Michael_Ellis (1)_spectrogram.png,Rocket Man,Michael Ellis (1),Pop
Kentix_-_Émotion_-_Kentix_spectrogram.png,Kentix - Émotion,Kentix,Pop
Abigail_Christine_Hill_-_Backstabber_spectrogram.png,Abigail Christine Hill,Backstabber,Pop
High_-_M.E.Dx_spectrogram.png,High,M.E.Dx,Electronic
Same_Old_-_Bellevue_spectrogram.png,Same Old,Bellevue,Indie Rock
RoadFighters_-_SYNTHESIA_(3)_spectrogram.png,RoadFighters,SYNTHESIA (3),Electronic / Synthwave
Arna_Maeve_-_Use (1)_spectrogram.png,Arna Maeve,Use (1),Indie Pop
Shon_Tha_Phenom_-_Blink_Of_An_Eye_spectrogram.png,Shon Tha Phenom,Blink Of An Eye,Hip-Hop
Chill_Ambient_Atmosphere_-_Dmitriy_(2)_spectrogram.png,Chill Ambient Atmosphere,Dmitriy (2),Ambient
Eternal_Jungle_-_steve.e_spectrogram.png,Eternal Jungle,steve.e,Electronic
Vito_De_Curl_-_Bluesy_Bucket_By_the_Rolls (1)_spectrogram.png,Vito De Curl,Bluesy Bucket By the Rolls (1),Blues Rock
Limitless_-_PaulWernerMusic_spectrogram.png,Limitless,PaulWernerMusic,Electronic
Oyster_Wave_-_Wakerhouse_spectrogram.png,Oyster Wave,Wakerhouse,Electronic
Nothing_Less_-_Caleb_Lemond_spectrogram.png,Nothing Less,Caleb Lemond,Folk
Preacher_-_PappyBachelor_(2)_spectrogram.png,Preacher,PappyBachelor (2),Rock
Ambient_Harp_-_Raw_Vibrations_spectrogram.png,Ambient Harp,Raw Vibrations,Ambient
Em_-_Goom_spectrogram.png,Em,Goom,Electronic
Ways_(Storm_is_Near)_-_SINGLETON (1)_spectrogram.png,Ways (Storm is Near),SINGLETON (1),Rock
Life_in_motion_-_Index_(4)_spectrogram.png,Life in motion,Index (4),Electronic
Show_Me_-_AIRE (2)_spectrogram.png,Show Me,AIRE (2),Electronic
Disobedience_-_Gent_spectrogram.png,Disobedience,Gent,Rock
Paradeigma_-_We_Choose_Proven_(kbkbts._Remix)_spectrogram.png,Paradeigma,We Choose Proven (kbkbts. Remix),Electronic
Chains_-_Lower_Loveday (2)_spectrogram.png,Chains,Lower Loveday (2),Indie Rock
Mr.Aleks_-_Tech_House_Future_spectrogram.png,Mr.Aleks,Tech House Future,Electronic / House
The_Spin_Wires_-_Goodbar_Good_Night_spectrogram.png,The Spin Wires,Goodbar Good Night,Punk Rock
Always_Leaving_-_Color_Out_spectrogram.png,Always Leaving,Color Out,Rock
Early_Morning_-_B3B0CK_spectrogram.png,Early Morning,B3B0CK,Electronic
Duro_Mambo-_Mardito_Licor__(Cover)_-_DURO_MAMBO_spectrogram.png,Duro Mambo- Mardito Licor  (Cover),DURO MAMBO,Latin
Roentgen_-_Sonic_Radiation_(2)_spectrogram.png,Roentgen,Sonic Radiation (2),Electronic
She_Bleeds_-_Unfactory_spectrogram.png,She Bleeds,Unfactory,Electronic
OnesteP_-_Page_Of_Agony_-_OnesteP_(2)_spectrogram.png,OnesteP - Page Of Agony,OnesteP (2),Electronic
FROSTiE_-_G-CODE_-_FROSTiE_spectrogram.png,FROSTiE - G-CODE,FROSTiE,Hip-Hop
Not_My_Problem_-_All_My_Friends_Hate_Me (2)_spectrogram.png,Not My Problem,All My Friends Hate Me (2),Indie Rock
Alexiaction_-_Meditation (1)_spectrogram.png,Alexiaction,Meditation (1),Ambient / Meditation
African_Safari_-_Alexiaction_spectrogram.png,African Safari,Alexiaction,World / African
Hidden_Hand_-_Tab_(2)_spectrogram.png,Hidden Hand,Tab (2),Electronic
Drum_and_Bass_-_Peanut_spectrogram.png,Drum and Bass,Peanut,Electronic
The_Countdown_Pt_II_-_The_Victory_Drive_spectrogram.png,The Countdown Pt II,The Victory Drive,Rock
INSECTOID_-_Elric_Virtuoso_spectrogram.png,INSECTOID,Elric Virtuoso,Electronic
When_You_Kneel_-_Studio_in_the_Sticks_(2)_spectrogram.png,When You Kneel,Studio in the Sticks (2),Rock
Luck's_All_Gone_-_The_Devil_Music_Co._(2)_spectrogram.png,Luck's All Gone,The Devil Music Co. (2),Rock
Amina_-_P_Steve_Officiel_(3)_spectrogram.png,Amina,P Steve Officiel (3),World / African
Rebels_With_A_Cause_(Aries)_-_RENAE_spectrogram.png,Rebels With A Cause (Aries),RENAE,Pop / R&B
Sunseed_(feat.Jade_Gritty)_-_Tab_(2)_spectrogram.png,Sunseed (feat.Jade Gritty),Tab (2),Electronic
OnesteP_-_Page_Of_Agony_-_OnesteP_(2) (1)_spectrogram.png,OnesteP - Page Of Agony,OnesteP (2) (1),Electronic
Stuck_-_Jahz_spectrogram.png,Stuck,Jahz,R&B
Toca_-_Beliano_Ad_spectrogram.png,Toca,Beliano Ad,Latin
All_Novels_-_HonH_spectrogram.png,All Novels,HonH,Electronic
Depths_of_a_Soul_-_PaulWernerMusic_spectrogram.png,Depths of a Soul,PaulWernerMusic,Cinematic
Ethereal_Ambient_Background_-_Sergey_Gulevich_spectrogram.png,Ethereal Ambient Background,Sergey Gulevich,Ambient
alessandro_simonetto_satie_early_and_esoteric_works_i_09_trois_gnossiennes_i._lent_-_Aleksandra_Mikulska_spectrogram.png,alessandro simonetto satie early and esoteric works i 09 trois gnossiennes i. lent,Aleksandra Mikulska,Classical
Early_-_Shon_Tha_Phenom_spectrogram.png,Early,Shon Tha Phenom,Hip-Hop
Good_Old_Spider_-_white.owl_spectrogram.png,Good Old Spider,white.owl,Electronic
Mahidevran_-_Phototaxis_-_Mahidevran_spectrogram.png,Mahidevran - Phototaxis,Mahidevran,Rock
The_Jazz_-_Aurbanni_spectrogram.png,The Jazz,Aurbanni,Jazz
РТУТЬ_-_Хьюстон_-__(2712)_spectrogram.png,РТУТЬ - Хьюстон,(2712),Pop
Grumpynora_-_Ocean_meditation_spectrogram.png,Grumpynora,Ocean meditation,Ambient / Meditation
I'm_Sorry_-_The_Devil_Music_Co._(2)_spectrogram.png,I'm Sorry,The Devil Music Co. (2),Rock
Distorted_reality_-_zero-project_spectrogram.png,Distorted reality - zero,project,Ambient
Sekosh_-_Day_Dream_spectrogram.png,Sekosh,Day Dream,Electronic / Chill
Tell_the_Time_-_Exmiranda_spectrogram.png,Tell the Time,Exmiranda,Pop
Restful_-_Solxis_(3)_spectrogram.png,Restful,Solxis (3),Ambient
Sayok_-_Echoes_from_Afar_spectrogram.png,Sayok,Echoes from Afar,Electronic / Ambient
Glass_House_-_Rxbyn_spectrogram.png,Glass House,Rxbyn,R&B
Rules_Don't_Apply_-_Emerald_Park_spectrogram.png,Rules Don't Apply,Emerald Park,Indie Rock
Daydreamer_-_Stefan_Kartenberg_spectrogram.png,Daydreamer,Stefan Kartenberg,Ambient
Reminisce_feat._Blends.One_&_Chemist_(Prod._Blends.One)_-_El_J_spectrogram.png,Reminisce feat. Blends.One & Chemist (Prod. Blends.One),El J,Hip-Hop
All_The_Way_-_Just_Matthew_spectrogram.png,All The Way,Just Matthew,Hip-Hop
Love_You_More_-_Kavi_Jezzie_Hockaday_spectrogram.png,Love You More,Kavi Jezzie Hockaday,Folk / Acoustic
Force_-_Wordsmith (1)_spectrogram.png,Force,Wordsmith (1),Hip-Hop
No_Handlebars_-_Wayne_Gordon_spectrogram.png,No Handlebars,Wayne Gordon,Rock
Take_me_down_the_hills_-_Bob_Rocket_music_(2)_spectrogram.png,Take me down the hills,Bob Rocket music (2),Folk / Acoustic
Rainbow_-_Maya_Filipic_spectrogram.png,Rainbow,Maya Filipic,Instrumental / Piano
Perfect_View_-_Klassik_Frescobar_spectrogram.png,Perfect View,Klassik Frescobar,Hip-Hop
Wing_Man_-_Album_Flight_-_Artist_Dan_Davies_-_Dan_Davies_spectrogram.png,Wing Man - Album Flight - Artist Dan Davies,Dan Davies,Pop / Rock
Marine_Drive_-_Tuesday_in_Japan_spectrogram.png,Marine Drive,Tuesday in Japan,Indie Rock
Opportunity_Steals_Your_Love_-_MOGU_spectrogram.png,Opportunity Steals Your Love,MOGU,Electronic
Okay_-_Sam_Opoku_spectrogram.png,Okay,Sam Opoku,Alternative R&B
Forever_-_SEKS_spectrogram.png,Forever,SEKS,Pop
Deep_Meditation_-_Stock_Studio_spectrogram.png,Deep Meditation,Stock Studio,Ambient
One_Hell_of_a_Way_-_The_Devil_Music_Co._(2)_spectrogram.png,One Hell of a Way,The Devil Music Co. (2),Rock
Filename,Song Title,Artist,Genre
Fluorescence_-_Polytronik_spectrogram.png,Fluorescence,Polytronik,Electronic
No_Prayers_-_Pokki_DJ_(2)_spectrogram.png,No Prayers,Pokki DJ (2),Electronic
b_å_r_k_a_(feat._bARTek)_-_Tab_(2)_spectrogram.png,b å r k a (feat. bARTek),Tab (2),Electronic
Luck's_All_Gone_-_The_Devil_Music_Co._(2) (1)_spectrogram.png,Luck's All Gone,The Devil Music Co. (2) (1),Rock
Virus_-_Infraction_spectrogram.png,Virus,Infraction,Electronic
Night_Life_-_The_Spin_Wires_(2) (1)_spectrogram.png,Night Life,The Spin Wires (2) (1),Punk Rock
underground_-_AKS_amp_El_project_(2)_spectrogram.png,underground,AKS amp El project (2),Electronic
Do_you_miss_me_-_Midnight_Prefou (1)_spectrogram.png,Do you miss me,Midnight Prefou (1),Pop
Kentix_-_Nos_vies_-_Kentix_spectrogram.png,Kentix - Nos vies,Kentix,Pop
flying_down_-_Higgins_(3)_spectrogram.png,flying down,Higgins (3),Electronic
Always_-_THE_DLX (2)_spectrogram.png,Always,THE DLX (2),Pop
christo4us_-_luminos_spectrogram.png,christo4us,luminos,Electronic
Criminal_-_Axl_amp_Arth_spectrogram.png,Criminal,Axl amp Arth,Electronic
Born_Again_-_grace.valhalla_spectrogram.png,Born Again,grace.valhalla,Electronic
Crazy_About_You_-_Square_a_Saw_spectrogram.png,Crazy About You,Square a Saw,Pop / Electronic
Pizzy_Walk_-_nicoco_spectrogram.png,Pizzy Walk,nicoco,Electronic
Que_Aquí_Estoy_Yo_-_Alfonso_Lugo_spectrogram.png,Que Aquí Estoy Yo,Alfonso Lugo,Latin / Pop
Fortadelis_-_Egoist_spectrogram.png,Fortadelis,Egoist,Hip-Hop
Empty_the_Bank_-_R._B._Hitz_spectrogram.png,Empty the Bank,R. B. Hitz,Hip-Hop
Kentix_-_Émotion_-_Kentix (1)_spectrogram.png,Kentix - Émotion,Kentix (1),Pop
Man_in_the_Window_-_Michael_Ellis_spectrogram.png,Man in the Window,Michael Ellis,Pop
LA_OTRA_-_Lessky_spectrogram.png,LA OTRA,Lessky,Latin / Pop
A_Common_Tale_-_Radio_Star_spectrogram.png,A Common Tale,Radio Star,Pop
Not_My_Problem_-_All_My_Friends_Hate_Me_spectrogram.png,Not My Problem,All My Friends Hate Me,Indie Rock
Stingray_-_Lisofv_spectrogram.png,Stingray,Lisofv,Electronic
This_Is_War_-_AIRE (1)_spectrogram.png,This Is War,AIRE (1),Electronic
"So_Far_As_I_Know_-_Take_My_Hand,_We're_Gonna_Be_Fine_spectrogram.png",So Far As I Know," Take My Hand, We're Gonna Be Fine",Indie Pop
FROSTiE_-_Modern_Day_Slaves_spectrogram.png,FROSTiE,Modern Day Slaves,Hip-Hop
Last_Fight_for_the_Championship_-_Double_Hilt_spectrogram.png,Last Fight for the Championship,Double Hilt,Rock / Metal
Fresh_-_soundshrim_spectrogram.png,Fresh,soundshrim,Electronic
Dreamy_road_-_Christian_Petermann_spectrogram.png,Dreamy road,Christian Petermann,Instrumental
Worth_It_-_Color_Out_spectrogram.png,Worth It,Color Out,Rock
Filename,Song Title,Artist,Genre
The_Grand_Paris_Express_-_Caitlin_MacNamara_spectrogram.png,The Grand Paris Express,Caitlin MacNamara,Pop
Venu_d'ailleurs_-_Laurent_Danis (1)_spectrogram.png,Venu d'ailleurs,Laurent Danis (1),Instrumental / Ambient
Lost_Balloon_-_Tab_(2)_spectrogram.png,Lost Balloon,Tab (2),Electronic
Sleep_-_Spa_Relax (1)_spectrogram.png,Sleep,Spa Relax (1),Ambient / Relaxation
MAMA_AFRICA_-_petite_viking_spectrogram.png,MAMA AFRICA,petite viking,World / African
Popuri_-_Dal_Studio_spectrogram.png,Popuri,Dal Studio,Instrumental
Igor_Pumphonia_-_Vanishing_Mirage_-_ChillRecords_spectrogram.png,Igor Pumphonia - Vanishing Mirage,ChillRecords,Electronic / Chill
Show_Me_-_AIRE (1)_spectrogram.png,Show Me,AIRE (1),Electronic
Astray_-_EGOR_BUDENNYY_spectrogram.png,Astray,EGOR BUDENNYY,Electronic
Arom_-_Picture_spectrogram.png,Arom,Picture,Pop
Regressar_-_Instrumental_Version_-_Marcus_Rasseli_spectrogram.png,Regressar - Instrumental Version,Marcus Rasseli,Instrumental / Ambient
Big_Spenders_-_Ralph_Da_God_(3)_spectrogram.png,Big Spenders,Ralph Da God (3),Hip-Hop
It_Is_Well_-_The_Devil_Music_Co._(2)_spectrogram.png,It Is Well,The Devil Music Co. (2),Rock
Filename,Song Title,Artist,Genre
Ashot_Danielyan_Composer_-_Airy_Morning_(Meditative_Relaxing) (1)_spectrogram.png,Ashot Danielyan Composer,Airy Morning (Meditative Relaxing) (1),Ambient / Meditation
Nayah_-_hipnotised_-_Nayah_spectrogram.png,Nayah - hipnotised,Nayah,Pop
Triumphant_-_Axl_amp_Arth_spectrogram.png,Triumphant,Axl amp Arth,Electronic
Molotov_Heart_-_radionowhere (1)_spectrogram.png,Molotov Heart,radionowhere (1),Alternative Rock
Paranoia_-_Anthony_Rubery_spectrogram.png,Paranoia,Anthony Rubery,Electronic
issa_vibe_-_Rxbyn_spectrogram.png,issa vibe,Rxbyn,R&B
love_letters_-_Alexander_Franke_spectrogram.png,love letters,Alexander Franke,Pop
Creating_new_tyrans_-_Absolution_Free_spectrogram.png,Creating new tyrans,Absolution Free,Rock / Metal
AVANT-BEATS_-_Chillhop_spectrogram.png,AVANT-BEATS,Chillhop,Lo-fi Hip Hop
Fifth_Grade_-_The_Spin_Wires_(2) (1)_spectrogram.png,Fifth Grade,The Spin Wires (2) (1),Punk Rock
Sentimental_-_GrayMic_spectrogram.png,Sentimental,GrayMic,Lo-fi / Hip-Hop
stuck_on_you_t1_-_Emmanuel1_spectrogram.png,stuck on you t1,Emmanuel1,R&B
A_l'ancienne_-_DR_GROOVE_GANG (1)_spectrogram.png,A l'ancienne,DR GROOVE GANG (1),Funk / Soul
Leave_me_now_-_november11_spectrogram.png,Leave me now,november11,Electronic
Sway_-_Aquarius_Blue_spectrogram.png,Sway,Aquarius Blue,R&B
Lite_Saturation_-_Run_to_the_Dream_(Romantic_and_Beautiful_Background_Piano_Music)_spectrogram.png,Lite Saturation,Run to the Dream (Romantic and Beautiful Background Piano Music),Instrumental / Piano
Okay_Boomhauer_-_Always_Waiting_spectrogram.png,Okay Boomhauer,Always Waiting,Indie Rock
Jplucky_-_Shuffle_for_K.M (1)_spectrogram.png,Jplucky,Shuffle for K.M (1),Instrumental
Soft_Piano_-_DmitriyTaras_(2)_spectrogram.png,Soft Piano,DmitriyTaras (2),Instrumental / Piano
BASXHKZIR_-_BASXHKZIR_-_Dancing_spectrogram.png,BASXHKZIR - BASXHKZIR,Dancing,Electronic / Dance
Learn_From_Me_-_Jonathan_Dimmel_spectrogram.png,Learn From Me,Jonathan Dimmel,Pop
Ocean_-_David_Davis_spectrogram.png,Ocean,David Davis,Ambient / Electronic
Summer_-_Michael_Ellis_spectrogram.png,Summer,Michael Ellis,Pop
"Carbon_Casca_-_Heart_Broken_(Feat._Leslie_Carron,_TaBBz_&_Davonia)_-_Carbon_Casca_spectrogram.png","Carbon Casca - Heart Broken (Feat. Leslie Carron, TaBBz & Davonia) ",Carbon Casca,Hip-Hop
Emotional_Piano_Ballad_-_FollowMe_(2)_spectrogram.png,Emotional Piano Ballad,FollowMe (2),Instrumental
Fashion_City_-_xTrain_spectrogram.png,Fashion City,xTrain,Electronic
Drone_Ambient_-_TheQLon (1)_spectrogram.png,Drone Ambient,TheQLon (1),Ambient
Home_-_eve_(5)_spectrogram.png,Home,eve (5),Pop
Cherry_Pie_Ft._Zio_-_Kidd_Young_spectrogram.png,Cherry Pie Ft. Zio,Kidd Young,Hip-Hop
lofi_hip_hop_trevel_relax_-_Sergei_(4)_spectrogram.png,lofi hip hop trevel relax,Sergei (4),Lo-fi Hip Hop
Vizio_di_Forma_+_Silente_-_Viziodiforma (1)_spectrogram.png,Vizio di Forma + Silente,Viziodiforma (1),Alternative Rock
Bulbasound_-_Beautiful_Sleep_Music (1)_spectrogram.png,Bulbasound,Beautiful Sleep Music (1),Ambient / Relaxation
The_Flood_-_BLC_MIRROR_CLB (1)_spectrogram.png,The Flood,BLC MIRROR CLB (1),Electronic
Dead_Weight_-_Villainelle_spectrogram.png,Dead Weight,Villainelle,Alternative Rock
Scotland_Is_Calling_-_Roy_Smiles_(3)_spectrogram.png,Scotland Is Calling,Roy Smiles (3),Folk
Bulbasound_-_Beautiful_Sleep_Music_spectrogram.png,Bulbasound,Beautiful Sleep Music,Ambient / Relaxation
Exennials_-_The_Plecs_spectrogram.png,Exennials,The Plecs,Rock
Epic_Inspiration_-_newtone_spectrogram.png,Epic Inspiration,newtone,Cinematic
Georgetown_Cafe_-_Popoi_spectrogram.png,Georgetown Cafe,Popoi,Jazz
A_Break_in_the_Clouds_-_PNFA_spectrogram.png,A Break in the Clouds,PNFA,Electronic
The_Woods_fea_Mauro_Castucci_-_Man_On_The_Sea_-_The_woods_spectrogram.png,The Woods fea Mauro Castucci - Man On The Sea,The woods,Rock
Just_A_Fling_-_The_Spin_Wires_(2) (1)_spectrogram.png,Just A Fling,The Spin Wires (2) (1),Punk Rock
Let_Go_-_Virgin_Joy (1)_spectrogram.png,Let Go,Virgin Joy (1),Pop
Double_Lyrical_-_Icing_on_the_Cake_(WAV)_-_Double_Lyrical_spectrogram.png,Double Lyrical - Icing on the Cake (WAV),Double Lyrical,Hip-Hop
Time_Is_a_Fire_-_The_Spin_Wires_(2)_spectrogram.png,Time Is a Fire,The Spin Wires (2),Punk Rock
Meditation_-_Alexander_Lyamin_spectrogram.png,Meditation,Alexander Lyamin,Ambient
Loud.drop_-_Loud.drop_-_Real_spectrogram.png,Loud.drop - Loud.drop,Real,Electronic
No_Rest_Or_Endless_Rest_-_Lisofv_spectrogram.png,No Rest Or Endless Rest,Lisofv,Electronic
Face_Down_-_NF_GS_spectrogram.png,Face Down,NF GS,Hip-Hop
Vito_De_Curl_-_Droll_spectrogram.png,Vito De Curl,Droll,Rock
African_Mbira_with_Percussion_-_AkashicRecords_spectrogram.png,African Mbira with Percussion,AkashicRecords,World / African
Depth_of_Night_-_TransistorBuddha (1)_spectrogram.png,Depth of Night,TransistorBuddha (1),Ambient
Lemon_Pop_-_the.verandas_spectrogram.png,Lemon Pop,the.verandas,Indie Pop
All_I_Want_-_Esteban_Campbell_spectrogram.png,All I Want,Esteban Campbell,Pop
As_I_Am_-_joshwoodward_spectrogram.png,As I Am,joshwoodward,Folk / Acoustic
Igor_Pumphonia_-_Igor_Pumphonia_-_The_Other_Way_(2nd_Version)_spectrogram.png,Igor Pumphonia - Igor Pumphonia,The Other Way (2nd Version),Electronic / Chill
Mourning_Day_-_SadMe (2)_spectrogram.png,Mourning Day,SadMe (2),Rock
Outta_My_League_-_Double-F_The_King_spectrogram.png,Outta My League - Double,F The King,Hip-Hop
Si_-_Arom_spectrogram.png,Si,Arom,Pop
Straight_12_-_Stefan_Kartenberg_spectrogram.png,Straight 12,Stefan Kartenberg,Jazz
Bonus_track_2_-_(Heaven_for_us_is_under_the_shadow_of_spears)_-_Ivan_Tregub_spectrogram.png,Bonus track 2 - (Heaven for us is under the shadow of spears),Ivan Tregub,Rock
I_Want_My_Dinner_-_Robo_Dukun_spectrogram.png,I Want My Dinner,Robo Dukun,Electronic
Take_Time_-_Square_a_Saw_spectrogram.png,Take Time,Square a Saw,Pop / Electronic
LA_Scallywag_-_Hypotenuse_spectrogram.png,LA Scallywag,Hypotenuse,Electronic
Madrid_-_The_Vow_spectrogram.png,Madrid,The Vow,Pop
Underground_-_George_Capon (2)_spectrogram.png,Underground,George Capon (2),Indie Pop
Searching_for_Jim_-_Derk_BamBoo_spectrogram.png,Searching for Jim,Derk BamBoo,Electronic
Renatus_Cartesius_-_Un_Soir_Romantique_(Re-Recorded_Version)_spectrogram.png,Renatus Cartesius - Un Soir Romantique (Re,Recorded Version),Classical
PUETO_PA_LO_MIO_RECORDS_-_JORDAN_23_-_PUETO_PA_LO_MIO_RECORDS_Presenta_spectrogram.png,PUETO PA LO MIO RECORDS - JORDAN 23,PUETO PA LO MIO RECORDS Presenta,Latin / Hip-Hop
Distance_-_Double-F_The_King_spectrogram.png,Distance,Double-F The King,Hip-Hop
Cerebro_reptiliano(Prod.K.El_Nigromante)_-_Edfish_(3)_spectrogram.png,Cerebro reptiliano(Prod.K.El Nigromante),Edfish (3),Hip-Hop
2Inventions_-_0db_-_Adelaide_(8f_Remaster)_spectrogram.png,2Inventions - 0db,Adelaide (8f Remaster),Electronic
New_Dream_-_B3B0CK_spectrogram.png,New Dream,B3B0CK,Electronic
She_got_a_way_-_Nghtshft_spectrogram.png,She got a way,Nghtshft,R&B
Digital_Wave_-_Rasco_spectrogram.png,Digital Wave,Rasco,Electronic
Sunrise_in_Limbo_-_Lofi_-_Pavle_spectrogram.png,Sunrise in Limbo - Lofi,Pavle,Lo-fi
ARMA_-_Speaker_System_spectrogram.png,ARMA,Speaker System,Electronic
Do_You_Still_Dream_-_Explosive_Ear_Candy_spectrogram.png,Do You Still Dream,Explosive Ear Candy,Pop Rock
Toujours_l'enfant_cherche_sa_mère_-_KAENEL_spectrogram.png,Toujours l'enfant cherche sa mère,KAENEL,Pop
Travel_(k21)_-_avanea_spectrogram.png,Travel (k21),avanea,Electronic
Sensitive_-_Infraction_spectrogram.png,Sensitive,Infraction,Electronic
Mind_Reader_-_Liv_Margaret_spectrogram.png,Mind Reader,Liv Margaret,Indie Pop
Cephas_-_In_Place_spectrogram.png,Cephas,In Place,Electronic
Lo-Fi_Beat_-_Dmitriy_(2)_spectrogram.png,Lo-Fi Beat,Dmitriy (2),Lo-fi
moi_toi_-_Martin_Doriand_spectrogram.png,moi toi,Martin Doriand,Pop
Metamorphosis_-_project.divinity_spectrogram.png,Metamorphosis,project.divinity,Electronic
Arto_Kumanto_-_Triplet_Droplet_spectrogram.png,Arto Kumanto,Triplet Droplet,Electronic
Oleja_Kaba_-_Liberation_(Radio_Edit)_spectrogram.png,Oleja Kaba,Liberation (Radio Edit),Electronic
My_Forever_-_Kaitlyn_Morell_spectrogram.png,My Forever,Kaitlyn Morell,Pop
Palmo_X_&_Patiloe_-_Overthink_-_Palmo_X_spectrogram.png,Palmo X & Patiloe - Overthink,Palmo X,Electronic
Past_Life_-_Luzius_Stone_spectrogram.png,Past Life,Luzius Stone,Pop
StimiBeats_-_Mystical_River (1)_spectrogram.png,StimiBeats,Mystical River (1),Ambient
Øraeth_-_still_falling_spectrogram.png,Øraeth,still falling,Alternative Rock
XENEZE_-_XENEZE_-_Hush_spectrogram.png,XENEZE - XENEZE,Hush,Deep House
comming_down_-_DeZeL_spectrogram.png,comming down,DeZeL,Electronic
Way_Downtown_-_PhaZer_(2)_spectrogram.png,Way Downtown,PhaZer (2),Rock / Metal
S.C._Chris_-_Bad_spectrogram.png,S.C. Chris,Bad,Hip-Hop
Hypnotic_-_freshbodyshop_spectrogram.png,Hypnotic,freshbodyshop,Rock / Alternative
Filename,Song Title,Artist,Genre
Song_Of_My_Life_-_Eliot_Feldman_spectrogram.png,Song Of My Life,Eliot Feldman,Pop
The_Silhouet_-_Get_Around_spectrogram.png,The Silhouet,Get Around,Indie Pop
Cephas_-_Euphoric_spectrogram.png,Cephas,Euphoric,Electronic
Kiss_Me_-_Liv_Margaret_spectrogram.png,Kiss Me,Liv Margaret,Indie Pop
Sleeping_Pills_&_Asteroids_-_The_Gasoline_Brothers_(2)_spectrogram.png,Sleeping Pills & Asteroids,The Gasoline Brothers (2),Rock
RS_Audio_-_Over_The_Skies_-_RS_Audio_spectrogram.png,RS Audio - Over The Skies,RS Audio,Electronic
Hangin_On_-_SEKS_spectrogram.png,Hangin On,SEKS,Pop
Standing_Still_-_EveryNowHere (1)_spectrogram.png,Standing Still,EveryNowHere (1),Electronic
Fire_fighter_-_Stefan_Kartenberg_spectrogram.png,Fire fighter,Stefan Kartenberg,Jazz
Come_Fly_With_Me_-_Monkeyland_(2)_spectrogram.png,Come Fly With Me,Monkeyland (2),Alternative Rock
Kings_Cross_-_A_Summers_Evening_-_Bemused_spectrogram.png,Kings Cross - A Summers Evening,Bemused,Indie Rock
Driftwood_-_The_Imaginary_Suitcase_(2)_spectrogram.png,Driftwood,The Imaginary Suitcase (2),Folk
Get_Up_-_Seth_Power_(2)_spectrogram.png,Get Up,Seth Power (2),Pop
LOKIXXIMO_-_Lokixximo_-_La_Calle_No_Juega_spectrogram.png,LOKIXXIMO - Lokixximo,La Calle No Juega,Latin / Hip-Hop
Colorful_Creation_-_Decision_Space_spectrogram.png,Colorful Creation,Decision Space,Ambient / Electronic
Man_in_the_Window_-_Michael_Ellis (1)_spectrogram.png,Man in the Window,Michael Ellis (1),Pop
b_å_r_k_a_(feat._bARTek)_-_Tab_(2) (1)_spectrogram.png,b å r k a (feat. bARTek),Tab (2) (1),Electronic
Venu_d'ailleurs_-_Laurent_Danis_spectrogram.png,Venu d'ailleurs,Laurent Danis,Instrumental / Ambient
Somebody_Else_-_Back_On_Earth_spectrogram.png,Somebody Else,Back On Earth,Alternative Rock
Who_Am_I_-_Rubbish_Rabbits_spectrogram.png,Who Am I,Rubbish Rabbits,Alternative Rock
Blood_-_All_My_Friends_Hate_Me (2)_spectrogram.png,Blood,All My Friends Hate Me (2),Indie Rock
Heroes_-_Back_On_Earth_spectrogram.png,Heroes,Back On Earth,Alternative Rock
Runaway_-_Simillar_spectrogram.png,Runaway,Simillar,Pop
Winter_-_Carrying_Goodness_spectrogram.png,Winter,Carrying Goodness,Rock
World_Is_Mine_-_Anitek_spectrogram.png,World Is Mine,Anitek,Electronic / Hip-Hop
Mourning_Day_-_SadMe (1)_spectrogram.png,Mourning Day,SadMe (1),Rock
Lady_Bee_-_The_NUV_spectrogram.png,Lady Bee,The NUV,Electronic
Lucky_and_Ugly_-_freshbodyshop_spectrogram.png,Lucky and Ugly,freshbodyshop,Rock / Alternative
When_Love_Is_Right_-_Songwriterz_(2)_spectrogram.png,When Love Is Right,Songwriterz (2),Pop
Something_Happened_-_Paper_Clips_spectrogram.png,Something Happened,Paper Clips,Indie Rock
LOKIXXIMO_-_Lokixximo_-_La_Calle_No_Juega_spectrogram.png,LOKIXXIMO - Lokixximo,La Calle No Juega,Latin / Hip-Hop
The_Mountain_-_Meditation (1)_spectrogram.png,The Mountain,Meditation (1),Ambient / Meditation
solemn_nocturne_-_Ilia_Kutepov_spectrogram.png,solemn nocturne,Ilia Kutepov,Classical
Don't_Wanna_Go_-_THE_DLX_spectrogram.png,Don't Wanna Go,THE DLX,Pop
Millonaro_-__Minor_Tunez_-_Minor_Tunez_(3)_spectrogram.png,Millonaro -  Minor Tunez,Minor Tunez (3),Hip-Hop
Love_Me_Notts_-_Hazernomical_spectrogram.png,Love Me Notts,Hazernomical,Electronic
Spirit_of_Africa_-_gregoire.lourme_spectrogram.png,Spirit of Africa,gregoire.lourme,World / African
Passion_-_DiSantos_spectrogram.png,Passion,DiSantos,Electronic
In_My_Mind_-_Laminar_spectrogram.png,In My Mind,Laminar,Electronic
Something_that_-_BEARDMAN_spectrogram.png,Something that,BEARDMAN,Electronic
MCO_Feat_Eliisa_K_-_Just_Me_And_You_-_Marco_Margna_spectrogram.png,MCO Feat Eliisa K - Just Me And You,Marco Margna,Electronic
A_Lonely_Road_-_Caleb_Lemond (1)_spectrogram.png,A Lonely Road,Caleb Lemond (1),Folk
Cephas_-_Moonlight_spectrogram.png,Cephas,Moonlight,Electronic
Nightwatcher_-_Vegasis_spectrogram.png,Nightwatcher,Vegasis,Electronic
Proud_-_Wordsmith_spectrogram.png,Proud,Wordsmith,Hip-Hop
The_House_that_leaves_you_always_wanting_more_-_Monkeyland_(2)_spectrogram.png,The House that leaves you always wanting more,Monkeyland (2),Alternative Rock
Talk_a_Little_-_samiebower_(2)_spectrogram.png,Talk a Little,samiebower (2),Alternative R&B
Dolo_Tonight_-_Stranger_Things_spectrogram.png,Dolo Tonight,Stranger Things,Alternative Rock
Dont_Go_Out_Tonight_-_Kinematic_spectrogram.png,Dont Go Out Tonight,Kinematic,Indie Rock
"Fantasia_No.4,_misterioso_-_peecee_spectrogram.png","Fantasia No.4, misterioso ",peecee,Classical
Keeping_It_Real_-_Kavi_Jezzie_Hockaday_spectrogram.png,Keeping It Real,Kavi Jezzie Hockaday,Folk / Acoustic
Snow_Queen_-_Cardinal_Line_spectrogram.png,Snow Queen,Cardinal Line,Electronic
Cephas_-_Bigger_Picture_spectrogram.png,Cephas,Bigger Picture,Electronic
Forest_-_B3B0CK (1)_spectrogram.png,Forest,B3B0CK (1),Electronic
Let_Go_-_Virgin_Joy_spectrogram.png,Let Go,Virgin Joy,Pop
Space_Ambient_-_StockXL (1)_spectrogram.png,Space Ambient,StockXL (1),Ambient
Lite_Saturation_-_Run_to_the_Dream_(Romantic_and_Beautiful_Background_Piano_Music)_spectrogram.png,Lite Saturation,Run to the Dream (Romantic and Beautiful Background Piano Music),Instrumental / Piano
Mykhailo_Shkredov_-_Desire_spectrogram.png,Mykhailo Shkredov,Desire,Electronic
This_is_the_End_-_Poor_Pie_spectrogram.png,This is the End,Poor Pie,Rock
Kissing_Streams_-_Rivers_and_Leafs_(2)_spectrogram.png,Kissing Streams,Rivers and Leafs (2),Ambient / Electronic
Gnosis_Hardware_-_Professor_Kliq (1)_spectrogram.png,Gnosis Hardware,Professor Kliq (1),Electronic
Two_Years_Away_-_Adam_Scott_York (1)_spectrogram.png,Two Years Away,Adam Scott York (1),Folk / Acoustic
Supergirl_-_Bod_(2)_spectrogram.png,Supergirl,Bod (2),Pop
Its_Alright_-_Caleb_Lemond (1)_spectrogram.png,Its Alright,Caleb Lemond (1),Folk
Outlandish_-_Double-F_The_King_spectrogram.png,Outlandish - Double,F The King,Hip-Hop
Drone_Ambient_-_TheQLon_spectrogram.png,Drone Ambient,TheQLon,Ambient
Memories_I_-_Asa_Taura (1)_spectrogram.png,Memories I,Asa Taura (1),Electronic
Filename,Song Title,Artist,Genre
Solteria_-_Lessky_spectrogram.png,Solteria,Lessky,Latin / Pop
Effects_of_Elevation_(Citizen_Prime_Remix)_-_revolutionvoid_spectrogram.png,Effects of Elevation (Citizen Prime Remix),revolutionvoid,Electronic
Secret_Beers_-_The_Spin_Wires_(2)_spectrogram.png,Secret Beers,The Spin Wires (2),Punk Rock
Sunday_-_Zist_spectrogram.png,Sunday,Zist,Electronic
On_The_Weekend_-_Paxton_Pennington_spectrogram.png,On The Weekend,Paxton Pennington,Pop
Molotov_Heart_-_radionowhere_spectrogram.png,Molotov Heart,radionowhere,Alternative Rock
Underground_-_George_Capon (2)_spectrogram.png,Underground,George Capon (2),Pop
M.V._Pogliaghi_-_Moonshining_(Improvviso_Op.#7)_spectrogram.png,M.V. Pogliaghi,Moonshining (Improvviso Op.#7),Classical / Piano
Everything_We_Wanted_-_Pure_Mids (1)_spectrogram.png,Everything We Wanted,Pure Mids (1),Indie Pop
I_Was_-_while_(3)_spectrogram.png,I Was,while (3),Electronic
Bradley_Peck_-_the_most_of_tonight_spectrogram.png,Bradley Peck,the most of tonight,Pop
No_Prayers_-_Pokki_DJ_(2) (2)_spectrogram.png,No Prayers,Pokki DJ (2) (2),Electronic
Love_truck_-_Jacky_Chiant_spectrogram.png,Love truck,Jacky Chiant,Rock
Force_-_Wordsmith_spectrogram.png,Force,Wordsmith,Hip-Hop
"Only_On_This_Planet_(feat._A_Bit_Advanced_Music,_Paradeigma)_-_Ogi_Feel_the_Beat_spectrogram.png","Only On This Planet (feat. A Bit Advanced Music, Paradeigma) ",Ogi Feel the Beat,Electronic
Gnosis_Hardware_-_Professor_Kliq_spectrogram.png,Gnosis Hardware,Professor Kliq,Electronic
Filename,Song Title,Artist,Genre
Control_-_samiebower_(2)_spectrogram.png,Control,samiebower (2),Alternative R&B
Macroform_-_Holding_Hands_spectrogram.png,Macroform,Holding Hands,Ambient / Electronic
Do_You_Ever_Feel_Sorry_-_the.madpix.project_spectrogram.png,Do You Ever Feel Sorry,the.madpix.project,Electronic
stillnoah_-_Love_Will_Save_The_World_spectrogram.png,stillnoah,Love Will Save The World,Pop
Godspeed_-__45. (1)_spectrogram.png,Godspeed, 45. (1),Alternative Rock
FREE21_-_MAGMA_(4)_spectrogram.png,FREE21,MAGMA (4),Hip-Hop
Funk_Soul_Full_-_Avalon_Audio_spectrogram.png,Funk Soul Full,Avalon Audio,Funk / Soul
All_The_Best_-_EJAY_IVAN_LAC_spectrogram.png,All The Best,EJAY IVAN LAC,Electronic
Meditation_Healing_432Hz_-_AudioWizard (1)_spectrogram.png,Meditation Healing 432Hz,AudioWizard (1),Ambient / Healing
That_Kid_-_Brain_Purist_spectrogram.png,That Kid,Brain Purist,Electronic
Igor_Pumphonia_-_Igor_Pumphonia_-_Deep_Inside_spectrogram.png,Igor Pumphonia - Igor Pumphonia,Deep Inside,Electronic / Chill
Someone_-_samiebower_(2)_spectrogram.png,Someone,samiebower (2),Alternative R&B
Mr_Peel_-_Let_It_Shine_spectrogram.png,Mr Peel,Let It Shine,Pop
Wild_Geese_-_Jill_Zimmerman_spectrogram.png,Wild Geese,Jill Zimmerman,Pop
Rising_Bones_-_Mr._Rock_spectrogram.png,Rising Bones,Mr. Rock,Rock
Beauty_of_the_sunset_-_Dan_Davies_spectrogram.png,Beauty of the sunset,Dan Davies,Pop / Rock
Oasis_-_Liv_Margaret_spectrogram.png,Oasis,Liv Margaret,Indie Pop
Two_-_Kinematic_spectrogram.png,Two,Kinematic,Indie Rock
Old_Russian_Waltz_#2___Romantic_Piano_Music_-_The_Piano_Lady_spectrogram.png,Old Russian Waltz #2   Romantic Piano Music,The Piano Lady,Classical / Piano
Revelation_-_Blue_Frequency_spectrogram.png,Revelation,Blue Frequency,Electronic
Heavy_Radio_-_theleague_spectrogram.png,Heavy Radio,theleague,Rock
StimiBeats_-_Full_Focus_(Meditation_Music)_spectrogram.png,StimiBeats,Full Focus (Meditation Music),Ambient / Meditation
Flybird_Audio_-_Yoga_Meditation_with_Rain_spectrogram.png,Flybird Audio,Yoga Meditation with Rain,Ambient / Meditation
Icebox_-_Pierce_Murphy_spectrogram.png,Icebox,Pierce Murphy,Pop
We_Live_On_Borrowed_Time_-_Songwriterz_(2)_spectrogram.png,We Live On Borrowed Time,Songwriterz (2),Pop
Try_Me_On_-_Paxton_Pennington_spectrogram.png,Try Me On,Paxton Pennington,Pop
The_Tester_-_Dave_Foster_(2)_spectrogram.png,The Tester,Dave Foster (2),Rock
Live_in_the_moment_-_Valdisriff_spectrogram.png,Live in the moment,Valdisriff,Electronic
Ambient_Harp_-_Raw_Vibrations (1)_spectrogram.png,Ambient Harp,Raw Vibrations (1),Ambient
12_Clear_water_-_Botanica_magia_spectrogram.png,12 Clear water,Botanica magia,Electronic / Ambient
Fake_Love_-_Ralph_Da_God_(3)_spectrogram.png,Fake Love,Ralph Da God (3),Hip-Hop
Live_It_Up_-_Tom_Orlando_spectrogram.png,Live It Up,Tom Orlando,Pop
Samie_Bower_-_What_U_Be_Doin_spectrogram.png,Samie Bower,What U Be Doin,Alternative R&B
Find_You_-_The_Devil_Music_Co._(2)_spectrogram.png,Find You,The Devil Music Co. (2),Rock
Miracles_Like_You_-_Explosive_Ear_Candy_spectrogram.png,Miracles Like You,Explosive Ear Candy,Pop Rock
[n]_-_Dreams_spectrogram.png,[n],Dreams,Electronic
Hello_My_Future_Girlfriend_-_Final_Round_spectrogram.png,Hello My Future Girlfriend,Final Round,Pop
LA_OTRA_-_Lessky_spectrogram.png,LA OTRA,Lessky,Latin / Pop
Meditation_Background_-_cleanmindstudio (1)_spectrogram.png,Meditation Background,cleanmindstudio (1),Ambient / Meditation
A_l'ancienne_-_DR_GROOVE_GANG (2)_spectrogram.png,A l'ancienne,DR GROOVE GANG (2),Funk / Soul
Moon_-_Yeiker (1)_spectrogram.png,Moon,Yeiker (1),Electronic
Underground_-_George_Capon_spectrogram.png,Underground,George Capon,Indie Pop
StimiBeats_-_Sunset_spectrogram.png,StimiBeats,Sunset,Ambient
If_I_-_Late_at_Night_-_Dj_Late_at_Night_spectrogram.png,If I - Late at Night,Dj Late at Night,Electronic
Marc_Corominas_Pujadó_-_Blossom_Rush_spectrogram.png,Marc Corominas Pujadó,Blossom Rush,Electronic
Mozart_Sonata_No.4_K.282_Allegro_-_Aurbanni_spectrogram.png,Mozart Sonata No.4 K.282 Allegro,Aurbanni,Classical
Rock_n_roll_fairytale_-_Jack_amp_the_Lemons_spectrogram.png,Rock n roll fairytale,Jack amp the Lemons,Rock
Light_-_Parker_spectrogram.png,Light,Parker,Indie Rock / Lo-fi
Iron_dinosaurs_-_To_Hope_spectrogram.png,Iron dinosaurs,To Hope,Rock / Metal
Neon_Sentinel_-_peergynt.lobogris_spectrogram.png,Neon Sentinel,peergynt.lobogris,Electronic
Please_Say_So_(Don't_Leave_Me_in_Silence)_-_Tyler_Gelrud_&_Gerard_Peters_-_Tyler_Gelrud_spectrogram.png,Please Say So (Don't Leave Me in Silence) - Tyler Gelrud & Gerard Peters,Tyler Gelrud,Pop
She's_a_storm_-_Blooming_Memories_spectrogram.png,She's a storm,Blooming Memories,Alternative Rock
Juliet_-_Haeresis_(2)_spectrogram.png,Juliet,Haeresis (2),Alternative Rock
Anomaly_Villain_-_MaC_Asylum_spectrogram.png,Anomaly Villain,MaC Asylum,Hip-Hop
The_Ultimate_Paradox_-_Ianwill_spectrogram.png,The Ultimate Paradox,Ianwill,Electronic
Home_-_SevVven_spectrogram.png,Home,SevVven,Electronic
5_O_clock_High_-_Kinematic_spectrogram.png,5 O clock High,Kinematic,Indie Rock
"30,000_Miles_-_Semme_Automatic_(2)_spectrogram.png","30,000 Miles ",Semme Automatic (2),Hip-Hop
Emphasize_-_Hannes_Hofkind_(2)_spectrogram.png,Emphasize,Hannes Hofkind (2),Electronic
Kentix_-_Émotion_-_Kentix_spectrogram.png,Kentix - Émotion,Kentix,Pop
Godspeed_-__45._spectrogram.png,Godspeed, 45.,Alternative Rock
Sweet_Goodbye_-_Hot_Fiction_spectrogram.png,Sweet Goodbye,Hot Fiction,Rock
Burn_With_Me_-_Absolution_Free_spectrogram.png,Burn With Me,Absolution Free,Rock / Metal
I_Want_My_Dinner_-_Robo_Dukun (1)_spectrogram.png,I Want My Dinner,Robo Dukun (1),Electronic
Dawn_-_OhNewDawn_spectrogram.png,Dawn,OhNewDawn,Pop
MKHLSDRV_—_Dream_atmosphere_-_SiDBASE_spectrogram.png,MKHLSDRV — Dream atmosphere,SiDBASE,Electronic / Ambient
Lo-fi_Type_Beat_-_PeryCreep_spectrogram.png,Lo-fi Type Beat,PeryCreep,Lo-fi / Hip-Hop
Laurens_Song_-_Caleb_Lemond_spectrogram.png,Laurens Song,Caleb Lemond,Folk
Don't_Wanna_Go_-_THE_DLX (1)_spectrogram.png,Don't Wanna Go,THE DLX (1),Pop
Gölden_Palace_-_On_The_Line_spectrogram.png,Gölden Palace,On The Line,Indie Rock
The_Deep_-_Anitek_spectrogram.png,The Deep,Anitek,Electronic / Hip-Hop
Triumphant_-_Axl_amp_Arth (2)_spectrogram.png,Triumphant,Axl amp Arth (2),Electronic
Simon_Armitage_-_Highland_Fayre_spectrogram.png,Simon Armitage,Highland Fayre,Folk
Meditation_Healing_432Hz_-_AudioWizard_spectrogram.png,Meditation Healing 432Hz,AudioWizard,Ambient / Healing
Silence_-_LWSLH_spectrogram.png,Silence,LWSLH,Ambient
Venetian_Blinds_-_Ping_Pong_Club_spectrogram.png,Venetian Blinds,Ping Pong Club,Indie Pop
Palmo_X_-_Forest_Runner_-_Palmo_X (1)_spectrogram.png,Palmo X - Forest Runner,Palmo X (1),Electronic
Deep_Church_-_Silent_Workers_-_TransistorBuddha_spectrogram.png,Deep Church - Silent Workers,TransistorBuddha,Ambient
Asa_Taura_-_Guides_Song_II (1)_spectrogram.png,Asa Taura,Guides Song II (1),Electronic
Virus_-_Infraction_spectrogram.png,Virus,Infraction,Electronic
Romixon_-_Speed_-_Romixon_spectrogram.png,Romixon - Speed,Romixon,Electronic
Light_-_Parker_spectrogram.png,Light,Parker,Indie Rock / Lo-fi
christo4us_-_il_colibri_spectrogram.png,christo4us,il colibri,Electronic
Douchuu_-_allmyfaults_spectrogram.png,Douchuu,allmyfaults,Alternative Rock
Kentix_-_Émotion_-_Kentix (1)_spectrogram.png,Kentix - Émotion,Kentix (1),Pop
I_Don't_Wanna_Be_Good_-_Explosive_Ear_Candy_spectrogram.png,I Don't Wanna Be Good,Explosive Ear Candy,Pop Rock
L.A._Passing_By_-_rob.costlow_spectrogram.png,L.A. Passing By,rob.costlow,Instrumental / Piano
Violent_revenge_-_Darkshine_spectrogram.png,Violent revenge,Darkshine,Electronic / Synthwave
summertimewav_-_emceelynx_spectrogram.png,summertimewav,emceelynx,Hip-Hop
Forget_the_Whale_-_Space_Lullaby_spectrogram.png,Forget the Whale,Space Lullaby,Indie Rock
Kentix_-_Sur_la_Lune_spectrogram.png,Kentix,Sur la Lune,Pop
Filename,Song Title,Artist,Genre
Honjaro_-_Youssouf_Karembe_spectrogram.png,Honjaro,Youssouf Karembe,World / African
Eating_Show_-_Waderman_(2)_spectrogram.png,Eating Show,Waderman (2),Jazz
Metric_-_B3B0CK_spectrogram.png,Metric,B3B0CK,Electronic
The_Spin_Wires_-_Into_The_Night_spectrogram.png,The Spin Wires,Into The Night,Punk Rock
Mazurka___Classical_Piano_Music_-_The_Piano_Lady_spectrogram.png,Mazurka   Classical Piano Music,The Piano Lady,Classical / Piano
Evolution_-_corviform_spectrogram.png,Evolution,corviform,Electronic
RA_unsKrypted_-_Hey_Ma_How_You_spectrogram.png,RA unsKrypted,Hey Ma How You,Hip-Hop
Clement_Lauro_-_Driving_Night_spectrogram.png,Clement Lauro,Driving Night,Electronic
Luck's_All_Gone_-_The_Devil_Music_Co._(2) (1)_spectrogram.png,Luck's All Gone,The Devil Music Co. (2) (1),Rock
Snow_Queen_-_Cardinal_Line (1)_spectrogram.png,Snow Queen,Cardinal Line (1),Electronic
TwinSilver_-_Si_j'dois_mourir_demain_(Audio)_-_TwinSilver_spectrogram.png,TwinSilver - Si j'dois mourir demain (Audio),TwinSilver,Hip-Hop
Two_Years_Away_-_Adam_Scott_York_spectrogram.png,Two Years Away,Adam Scott York,Folk / Acoustic
Hello_My_Future_Girlfriend_-_Final_Round (1)_spectrogram.png,Hello My Future Girlfriend,Final Round (1),Pop
Sweet_Goodbye_-_Hot_Fiction (1)_spectrogram.png,Sweet Goodbye,Hot Fiction (1),Rock
New_Dream_-_B3B0CK (1)_spectrogram.png,New Dream,B3B0CK (1),Electronic
Fearless_-_Square_a_Saw_spectrogram.png,Fearless,Square a Saw,Pop / Electronic
Cards._-_ERIKSON_spectrogram.png,Cards.,ERIKSON,Pop
Can't_Have_It_-_NF_GS_spectrogram.png,Can't Have It,NF GS,Hip-Hop
Адовый_Мужик_-_Вселенная_воина_-__(2117)_spectrogram.png,Адовый Мужик - Вселенная воина,(2117),Rock
Dreadpool_-_Easy_Work_ft._Maya_Miko_spectrogram.png,Dreadpool,Easy Work ft. Maya Miko,Hip-Hop
Nordgroove_-_Samurai_Soul_spectrogram.png,Nordgroove,Samurai Soul,Electronic
stuck_on_you_t1_-_Emmanuel1 (1)_spectrogram.png,stuck on you t1,Emmanuel1 (1),R&B
Flowers_Of_September_-_The_Tangerine_Club_spectrogram.png,Flowers Of September,The Tangerine Club,Indie Pop
little_old_sweet_town_-_Blooming_Memories_spectrogram.png,little old sweet town,Blooming Memories,Alternative Rock
Solace_-_macroform_spectrogram.png,Solace,macroform,Ambient
REMEMBER_-_DR_GROOVE_GANG_spectrogram.png,REMEMBER,DR GROOVE GANG,Funk / Soul
love_letters_-_Alexander_Franke_spectrogram.png,love letters,Alexander Franke,Pop
Vito_De_Curl_-_Bluesy_Bucket_By_the_Rolls_spectrogram.png,Vito De Curl,Bluesy Bucket By the Rolls,Blues Rock
Revolving_Door_(feat.Lusty_Apricot_&_Elle_Rose)_-_Tab_(2)_spectrogram.png,Revolving Door (feat.Lusty Apricot & Elle Rose),Tab (2),Electronic
Live_in_the_moment_-_Valdisriff_spectrogram.png,Live in the moment,Valdisriff,Electronic
Bonzo_-_Living_Camboya_spectrogram.png,Bonzo,Living Camboya,Rock
Singout_-_Charlie_Mosbrook_(2)_spectrogram.png,Singout,Charlie Mosbrook (2),Folk
Oasis_-_Liv_Margaret (1)_spectrogram.png,Oasis,Liv Margaret (1),Indie Pop
Just_A_Fling_-_The_Spin_Wires_(2)_spectrogram.png,Just A Fling,The Spin Wires (2),Punk Rock
RENAE_-_Who_Were_You__(Sagittarius)_spectrogram.png,RENAE,Who Were You  (Sagittarius),Pop / R&B
Impression_-_MCKOOL (1)_spectrogram.png,Impression,MCKOOL (1),Electronic
Eyes_Get_Wide_-_The_Spin_Wires_(2)_spectrogram.png,Eyes Get Wide,The Spin Wires (2),Punk Rock
Fighting_The_Odds_-_Ianwill_spectrogram.png,Fighting The Odds,Ianwill,Electronic
Glassberry_-_MOGU_spectrogram.png,Glassberry,MOGU,Electronic
Encephalon_-_VITNE_spectrogram.png,Encephalon,VITNE,Heavy Metal
Ramble_on_October_-_Barefoot_McCoy_spectrogram.png,Ramble on October,Barefoot McCoy,Folk / Acoustic
Frostbite_-_DART_spectrogram.png,Frostbite,DART,Electronic
Intercept_-_Miami_Sheriff_spectrogram.png,Intercept,Miami Sheriff,Electronic / Synthwave
Hipster_Girls_-_The_Spin_Wires_(2)_spectrogram.png,Hipster Girls,The Spin Wires (2),Punk Rock
Give_me_life_-_delgarma_spectrogram.png,Give me life,delgarma,Electronic
Take_Our_Time_-_Square_a_Saw_spectrogram.png,Take Our Time,Square a Saw,Pop / Electronic
Alfonso_Lugo_(Feat._Jasmine_Crowe)_-_Alfonso_Lugo_spectrogram.png,Alfonso Lugo (Feat. Jasmine Crowe),Alfonso Lugo,Pop
Skyline_-_samiebower_(2)_spectrogram.png,Skyline,samiebower (2),Alternative R&B
Ethereal_Ambient_Background_-_Sergey_Gulevich (1)_spectrogram.png,Ethereal Ambient Background,Sergey Gulevich (1),Ambient
SoothSayer_(feat.bARTek)_-_Tab_(2)_spectrogram.png,SoothSayer (feat.bARTek),Tab (2),Electronic
Agharta_-_Vince_van_Soth_spectrogram.png,Agharta,Vince van Soth,Electronic
Movement_-_Eliot_Feldman_spectrogram.png,Movement,Eliot Feldman,Pop
Never_Let_Me_Down_-_Rude_(2)_spectrogram.png,Never Let Me Down,Rude (2),Rock
Falling_Apart_-_Square_a_Saw_spectrogram.png,Falling Apart,Square a Saw,Pop / Electronic
Internorthernalz_--_where_am_from_-_INTERNOTHERNALZ_spectrogram.png,Internorthernalz -- where am from,INTERNOTHERNALZ,Electronic
Overcloud_-_ChickenBeats_spectrogram.png,Overcloud,ChickenBeats,Electronic
Open_Space_Soundscape_-_StockXL_spectrogram.png,Open Space Soundscape,StockXL,Ambient
РТУТЬ_-_Хьюстон_-__(2712) (1)_spectrogram.png,РТУТЬ - Хьюстон,(2712) (1),Pop
Remy_Bourgeois_-_Road_Rage_spectrogram.png,Remy Bourgeois,Road Rage,Rock
Time_-_Raab_Christian_(4)_spectrogram.png,Time,Raab Christian (4),Pop
Answer_-_Square_a_Saw_spectrogram.png,Answer,Square a Saw,Pop / Electronic
Waves_(Cancer)_-_RENAE_spectrogram.png,Waves (Cancer),RENAE,Pop / R&B
Metamorphosis_-_project.divinity (1)_spectrogram.png,Metamorphosis,project.divinity (1),Electronic
Memories_I_-_Asa_Taura_spectrogram.png,Memories I,Asa Taura,Electronic
Abstract_Energy_Flight_-_AudioJam_spectrogram.png,Abstract Energy Flight,AudioJam,Electronic
Blow_Your_Ashes_Away_-_Studio_in_the_Sticks_(2)_spectrogram.png,Blow Your Ashes Away,Studio in the Sticks (2),Rock
Caroline_(strings)_-_The_Vow_spectrogram.png,Caroline (strings),The Vow,Pop
River_of_time_-_Pavel_Kraskoff_spectrogram.png,River of time,Pavel Kraskoff,Instrumental / Ambient
PoPiano_1_-_Madi_Composer_spectrogram.png,PoPiano 1,Madi Composer,Instrumental / Piano
Éclats_de_Vers_-_Rhumantik_spectrogram.png,Éclats de Vers,Rhumantik,Pop
Thursday_-_TheQLon_spectrogram.png,Thursday,TheQLon,Electronic
DO_IT_AGAIN_-_EGOR_BUDENNYY_spectrogram.png,DO IT AGAIN,EGOR BUDENNYY,Electronic
Roses_(Taurus)_-_RENAE_spectrogram.png,Roses (Taurus),RENAE,Pop / R&B
No_Sleep_-_Santa_Sallet_spectrogram.png,No Sleep,Santa Sallet,Hip-Hop
Ambient_Relax_Meditation_-_DmitriyTaras_(2) (1)_spectrogram.png,Ambient Relax Meditation,DmitriyTaras (2) (1),Ambient / Meditation
Mama_Cried_-_Niki_J_Crawford_-_The_Second_Truth_-_Niki_J_Crawford_spectrogram.png,Mama Cried - Niki J Crawford - The Second Truth,Niki J Crawford,Soul / R&B
Mourning_Day_-_SadMe_spectrogram.png,Mourning Day,SadMe,Rock
So_Deep_Into_My_Heart_-_bessonnitsa_spectrogram.png,So Deep Into My Heart,bessonnitsa,Electronic
On_the_Come_Up_-_Wordsmith_spectrogram.png,On the Come Up,Wordsmith,Hip-Hop
Different_Me_feat._Fega_Michaels_(Guitar_by_Cmdt._Guile)_-_Doctor_Frost_(3)_spectrogram.png,Different Me feat. Fega Michaels (Guitar by Cmdt. Guile),Doctor Frost (3),Electronic
Is_It_Right__-_Lower_Loveday_spectrogram.png,Is It Right ,Lower Loveday,Indie Rock
Vinyl_Blast_-_Am_I_Free_-_Vinyl_Blast_spectrogram.png,Vinyl Blast - Am I Free,Vinyl Blast,Electronic
Renè_Miller_-_Sunrise_spectrogram.png,Renè Miller,Sunrise,Pop
Live_It_Up_-_Tom_Orlando_spectrogram.png,Live It Up,Tom Orlando,Pop
Vizio_di_Forma_+_Silente_-_Viziodiforma_spectrogram.png,Vizio di Forma + Silente,Viziodiforma,Alternative Rock
Walk_Home_-_Parker (1)_spectrogram.png,Walk Home,Parker (1),Indie Rock / Lo-fi
Carbon_Casca_-_Coming_Up_(Feat._Gee_Flaggz)[Prod._By_Carbon_Casca]_-_Carbon_Casca_spectrogram.png,Carbon Casca - Coming Up (Feat. Gee Flaggz)[Prod. By Carbon Casca],Carbon Casca,Hip-Hop
Lofi_and_Coffee_-_Jon_J._Morin_spectrogram.png,Lofi and Coffee,Jon J. Morin,Lo-fi
Cephas_-_Too_Far_Away_spectrogram.png,Cephas,Too Far Away,Electronic
Filename,Song Title,Artist,Genre
My_Romeo_(Antonii_Version)_-_Songwriterz_(2)_spectrogram.png,My Romeo (Antonii Version),Songwriterz (2),Pop
African_Journey_(original_version)_-_T-Trider_(2)_spectrogram.png,African Journey (original version) - T,Trider (2),World / African
Show_Me_-_AIRE_spectrogram.png,Show Me,AIRE,Electronic
Far_and_Away_-_Sinkhole_(2)_spectrogram.png,Far and Away,Sinkhole (2),Alternative Rock
Vito_De_Curl_-_Bluesy_Bucket_By_the_Rolls (1)_spectrogram.png,Vito De Curl,Bluesy Bucket By the Rolls (1),Blues Rock
Get_It_(feat._Menoosha)_-_JAIEF_ASONG_(2)_spectrogram.png,Get It (feat. Menoosha),JAIEF ASONG (2),R&B
Astronauts_-_Parker_spectrogram.png,Astronauts,Parker,Indie Rock / Lo-fi
Lanes_And_Bridges_-_The_King_Coster_spectrogram.png,Lanes And Bridges,The King Coster,Rock
ChoiceTune_-_Move_Your_Body_spectrogram.png,ChoiceTune,Move Your Body,Electronic
Parlami_di_lei_-_Fabio_Confalone_spectrogram.png,Parlami di lei,Fabio Confalone,Pop
Maravilha_-_boomboombeckett_spectrogram.png,Maravilha,boomboombeckett,Electronic
Always_-_THE_DLX_spectrogram.png,Always,THE DLX,Pop
Vizio_di_Forma_+_Silente_-_Viziodiforma_spectrogram.png,Vizio di Forma + Silente,Viziodiforma,Alternative Rock
Stand_Out_-_Double-F_The_King_spectrogram.png,Stand Out - Double,F The King,Hip-Hop
Don't_Lock_Me_Out_-_Square_a_Saw_spectrogram.png,Don't Lock Me Out,Square a Saw,Pop
Youth_-_Back_On_Earth (1)_spectrogram.png,Youth,Back On Earth (1),Pop-Punk / Emo
L.A._Passing_By_-_rob.costlow_spectrogram.png,L.A. Passing By,rob.costlow,Instrumental / Piano
Close_To_You_-__(767)_spectrogram.png,Close To You, (767),Pop
RAKETA__-__Electro_Speaker_-_PAKETA_spectrogram.png,RAKETA  -  Electro Speaker,PAKETA,Electronic
Richard_Shekari_-_Oldest_Rock_spectrogram.png,Richard Shekari,Oldest Rock,Rock
"Ohrwurm_ft._RawMind,_Half_Breed,_Black_Knight_&_BroadFoot_-_Elric_Virtuoso_spectrogram.png","Ohrwurm ft. RawMind, Half Breed, Black Knight & BroadFoot ",Elric Virtuoso,Hip-Hop
Ambient_Meditation_-_YellowTea_spectrogram.png,Ambient Meditation,YellowTea,Ambient / Meditation
Kitchen_Knives_-_lillywolf_spectrogram.png,Kitchen Knives,lillywolf,Alternative Rock
Christian_Raab_-_Close_To_You_(feat._Velvet)_spectrogram.png,Christian Raab,Close To You (feat. Velvet),Pop
Typical_-_Tab_(2)_spectrogram.png,Typical,Tab (2),Electronic
Countosh_-_Niki_J_Crawford_-_The_Second_Truth_-_Niki_J_Crawford (1)_spectrogram.png,Countosh - Niki J Crawford - The Second Truth,Niki J Crawford (1),Soul / R&B
Fresh_Body_Shop_-_Messing_with_the_Ugly_Army_spectrogram.png,Fresh Body Shop,Messing with the Ugly Army,Rock / Alternative
Tapetunes_-_Sea_Breath (1)_spectrogram.png,Tapetunes,Sea Breath (1),Ambient / Electronic
LE_BAL_MASQUE_-_DR_GROOVE_GANG_spectrogram.png,LE BAL MASQUE,DR GROOVE GANG,Funk / Soul
Don't_Mind_-_samiebower_(2)_spectrogram.png,Don't Mind,samiebower (2),Alternative R&B
Energetic_Drum_and_Bass_-_AVANT-BEATS_spectrogram.png,Energetic Drum and Bass - AVANT,BEATS,Electronic
Amnesia_-_SloUCobra_a.k.a._Umberto_spectrogram.png,Amnesia,SloUCobra a.k.a. Umberto,Electronic
Le_Beau_Blaireau_-_nicoco_spectrogram.png,Le Beau Blaireau,nicoco,Electronic
MAD._-_GR3YWXLF_spectrogram.png,MAD.,GR3YWXLF,Electronic
Violent_revenge_-_Darkshine_spectrogram.png,Violent revenge,Darkshine,Electronic / Synthwave
Underground_-_George_Capon (1)_spectrogram.png,Underground,George Capon (1),Pop
Say_my_Name_-_shearer_spectrogram.png,Say my Name,shearer,Rock
Metric_-_B3B0CK (1)_spectrogram.png,Metric,B3B0CK (1),Electronic
Dungeon_Dance_-_SublustrisNox_spectrogram.png,Dungeon Dance,SublustrisNox,Instrumental
Jamas_decirte_adiós_-_El_Estudiante_(2)_spectrogram.png,Jamas decirte adiós,El Estudiante (2),Latin / Pop
Venus_Girl_-_The_Vow_spectrogram.png,Venus Girl,The Vow,Pop
noexit._-_I_Just_Can't_Get_Enough_You_spectrogram.png,noexit.,I Just Can't Get Enough You,Electronic
Arna_Maeve_-_Use_spectrogram.png,Arna Maeve,Use,Indie Pop
A_l'ancienne_-_DR_GROOVE_GANG_spectrogram.png,A l'ancienne,DR GROOVE GANG,Funk / Soul
Igor_Pumphonia_-_Igor_Pumphonia_-_Sip_The_Vibe_(2nd_Version)_spectrogram.png,Igor Pumphonia - Igor Pumphonia,Sip The Vibe (2nd Version),Electronic / Chill
ShinDiG_-_Elric_Virtuoso_spectrogram.png,ShinDiG,Elric Virtuoso,Electronic
Séisme_-_Jose_Konda_spectrogram.png,Séisme,Jose Konda,Electronic
Trust_-_Tom_Orlando_spectrogram.png,Trust,Tom Orlando,Pop
Meditate_Atmosphere_-_Dmitriy_(2)_spectrogram.png,Meditate Atmosphere,Dmitriy (2),Ambient / Meditation
Taxi_-_Soul-Prod_spectrogram.png,Taxi - Soul,Prod,Soul / R&B
I_Got_The_Bag_feat_Poetik_&_Big_Myke_-_J_Hustle_spectrogram.png,I Got The Bag feat Poetik & Big Myke,J Hustle,Hip-Hop
Lanes_And_Bridges_-_The_King_Coster_spectrogram.png,Lanes And Bridges,The King Coster,Rock
06_Space_dolphins_-_Botanica_magia (1)_spectrogram.png,06 Space dolphins,Botanica magia (1),Electronic / Ambient
Precious_-_Caeleb_Doughty_spectrogram.png,Precious,Caeleb Doughty,Pop
How_Do_I_Get_My_Grass_Really_Green_-_Axined_and_Mr._Moohman_spectrogram.png,How Do I Get My Grass Really Green,Axined and Mr. Moohman,Electronic
Yellow_Marine_-_huntclub_spectrogram.png,Yellow Marine,huntclub,Electronic
Breathe_-_George_Capon_spectrogram.png,Breathe,George Capon,Pop
Bradley_Peck_-_the_most_of_tonight (1)_spectrogram.png,Bradley Peck,the most of tonight (1),Pop
Standing_Still_-_EveryNowHere_spectrogram.png,Standing Still,EveryNowHere,Electronic
Can't_Dance_To_Your_Rhythm_-_Junk_Love (1)_spectrogram.png,Can't Dance To Your Rhythm,Junk Love (1),Alternative Rock
Face_to_face_-_bessonnitsa_spectrogram.png,Face to face,bessonnitsa,Electronic
Éclats_de_Vers_-_Rhumantik (1)_spectrogram.png,Éclats de Vers,Rhumantik (1),Pop
Nordgroove_-_Karma_spectrogram.png,Nordgroove,Karma,Electronic
Talk_It_Out_-_samiebower_(2)_spectrogram.png,Talk It Out,samiebower (2),Alternative R&B
Youth_-_Back_On_Earth_spectrogram.png,Youth,Back On Earth,Pop-Punk / Emo
Hola_-_Square_a_Saw_spectrogram.png,Hola,Square a Saw,Pop / Electronic
Asa_Taura_-_Guides_Song_II_spectrogram.png,Asa Taura,Guides Song II,Electronic
El_Capitán_-_Jose_Manuel_Gonzalez_Nunez_(2)_spectrogram.png,El Capitán,Jose Manuel Gonzalez Nunez (2),Instrumental
Vinyl_Blast_-_Don't_Kill_Me_-_Vinyl_Blast (1)_spectrogram.png,Vinyl Blast - Don't Kill Me,Vinyl Blast (1),Electronic
Trabajas_-_RamRom_(2)_spectrogram.png,Trabajas,RamRom (2),Latin / Pop
You_May_Kill_The_Bride_-_Ianwill_spectrogram.png,You May Kill The Bride,Ianwill,Electronic
Underground_-_George_Capon_spectrogram.png,Underground,George Capon,Pop
Alexiaction_-_Meditation_spectrogram.png,Alexiaction,Meditation,Ambient / Meditation
Waiting_-_samiebower_(2)_spectrogram.png,Waiting,samiebower (2),Alternative R&B
Lo-Fi_Beat_-_Dmitriy_(2)_spectrogram.png,Lo-Fi Beat,Dmitriy (2),Lo-fi
Magnesid_-_Secret_Autonomy_spectrogram.png,Magnesid,Secret Autonomy,Electronic
Wundersames_Versteckspiel_-_matthesmusic_spectrogram.png,Wundersames Versteckspiel,matthesmusic,Classical
Romantic_Piano_-_StockXL_spectrogram.png,Romantic Piano,StockXL,Instrumental / Piano
Life_in_motion_-_Index_(4)_spectrogram.png,Life in motion,Index (4),Electronic
IQ_53_-_predator_spectrogram.png,IQ 53,predator,Rock
A_Night_Just_Like_Tonight_-_Lawrence_Beamen_spectrogram.png,A Night Just Like Tonight,Lawrence Beamen,Soul / R&B
You_The_Best_(Remix)_Feat._Young_Redd_-_Young_Keys_of_YRP_spectrogram.png,You The Best (Remix) Feat. Young Redd,Young Keys of YRP,Hip-Hop
01-_Luminiscencia_-_Helen_amp_Shanna_(2)_spectrogram.png,01- Luminiscencia,Helen amp Shanna (2),Electronic / Ambient
Gospel_-_Tom_Orlando_spectrogram.png,Gospel,Tom Orlando,Pop
potatofries_-_my_first_release_-_potatofries_spectrogram.png,potatofries - my first release,potatofries,Electronic
No_Prayers_-_Pokki_DJ_(2) (1)_spectrogram.png,No Prayers,Pokki DJ (2) (1),Electronic
Early_-_Shon_Tha_Phenom (1)_spectrogram.png,Early,Shon Tha Phenom (1),Hip-Hop
Kitchen_Knives_-_lillywolf_spectrogram.png,Kitchen Knives,lillywolf,Alternative Rock
Filename,Song Title,Artist,Genre
Circles_-_Color_Out_spectrogram.png,Circles,Color Out,Rock
Silent_Tears_-_AIRE_spectrogram.png,Silent Tears,AIRE,Electronic
Live_In_Your_Dreamz_-_Semme_Automatic_(2)_spectrogram.png,Live In Your Dreamz,Semme Automatic (2),Hip-Hop
How_I_Feel_-_Songwriterz_(2)_spectrogram.png,How I Feel,Songwriterz (2),Pop
Carlos_Carty_-_PIECES_OF_REDEMPTION_spectrogram.png,Carlos Carty,PIECES OF REDEMPTION,Instrumental
Dance_With_Me_-_THE_SAME_PERSONS_spectrogram.png,Dance With Me,THE SAME PERSONS,Pop
Alex_Davletshin_-_Prelude_in_C (1)_spectrogram.png,Alex Davletshin,Prelude in C (1),Classical / Piano
Orange_Juice_-_Sonia_Isabel_spectrogram.png,Orange Juice,Sonia Isabel,Pop
Tell_Me_-_samiebower_(2)_spectrogram.png,Tell Me,samiebower (2),Alternative R&B
Nargo_-_Silent_Shores_spectrogram.png,Nargo,Silent Shores,Ambient / Electronic
With_You_-_Color_Out_spectrogram.png,With You,Color Out,Rock
Lemon_Pop_-_the.verandas_spectrogram.png,Lemon Pop,the.verandas,Indie Pop
Nostal_-_Illusions_spectrogram.png,Nostal,Illusions,Electronic
Yellow_-_Sam_Opoku_spectrogram.png,Yellow,Sam Opoku,Alternative R&B
Pokki_DJ_-_Addicted_spectrogram.png,Pokki DJ,Addicted,Electronic
Keldamuzik_-_All_I_have_-_Keldamuzik_(2)_spectrogram.png,Keldamuzik - All I have,Keldamuzik (2),R&B / Hip-Hop
King_Solomon_with_Vernon_Reid_John_Popper_-_One_Wish_Carnival_spectrogram.png,King Solomon with Vernon Reid John Popper,One Wish Carnival,Rock / Blues
Lifeline_-_Neon_NiteClub_(2)_spectrogram.png,Lifeline,Neon NiteClub (2),Synthpop / Electronic
Lleno_de_Life_-_Rey_Electrico_spectrogram.png,Lleno de Life,Rey Electrico,Latin / Electronic
lockdown_blues_-_lonely_piano_spectrogram.png,lockdown blues,lonely piano,Blues / Piano
LowDown_Mini_Reel_#6_(No_Ceiling)_-_LowDown_Brass_Band_(2)_spectrogram.png,LowDown Mini Reel #6 (No Ceiling),LowDown Brass Band (2),Jazz / Brass
Lowtone_Music_-_Lounge_Lo-Fi_spectrogram.png,Lowtone Music - Lounge Lo,Fi,Lo-fi / Lounge
Lo_Fi_Downtempo_-_PuzzleWaves_spectrogram.png,Lo Fi Downtempo,PuzzleWaves,Lo-fi / Downtempo
March_for_a_sad_banshee_-_mister.m_spectrogram.png,March for a sad banshee,mister.m,Instrumental / Experimental
Mediterranean_nostalgia_-_Luis_Zunel_spectrogram.png,Mediterranean nostalgia,Luis Zunel,Instrumental / World
Megan_Graney_-_Megan_Graney_-_So_It_Goes (1)_spectrogram.png,Megan Graney - Megan Graney,So It Goes (1),Indie Folk
Megan_Graney_-_Megan_Graney_-_So_It_Goes_spectrogram.png,Megan Graney - Megan Graney,So It Goes,Indie Folk
Mellow_Dreams_-_Mindfull_spectrogram.png,Mellow Dreams,Mindfull,Ambient / Lo-fi
Midnight_Blues_-_BFCmusic_spectrogram.png,Midnight Blues,BFCmusic,Blues
Minimal_Mouse_-_Arto_Kumanto_(2)_spectrogram.png,Minimal Mouse,Arto Kumanto (2),Electronic / Minimal
Mit-Rich_-_Chill_Trap_spectrogram.png,Mit-Rich,Chill Trap,Trap / Chill
MokkaMusic_-_Chillwave_Vaporwave (1)_spectrogram.png,MokkaMusic,Chillwave Vaporwave (1),Electronic / Chillwave
MokkaMusic_-_Chillwave_Vaporwave_spectrogram.png,MokkaMusic,Chillwave Vaporwave,Electronic / Chillwave
MokkaMusic_-_Drum_and_Bass_with_Flute_spectrogram.png,MokkaMusic,Drum and Bass with Flute,Electronic / Drum and Bass
Money_-_Neon_NiteClub_(2)_spectrogram.png,Money,Neon NiteClub (2),Electronic / Synthpop
Nature_World_-_Axel_Antunes_spectrogram.png,Nature World,Axel Antunes,Ambient / World
New_Age_Meditation_Nature_Music_Therapy_-_SweetMedia_spectrogram.png,New Age Meditation Nature Music Therapy,SweetMedia,New Age / Ambient
Night_Lounge_(Main)_-_Parler_spectrogram.png,Night Lounge (Main),Parler,Electronic / Lounge
Oscar_Avila_-_Ítaca_spectrogram.png,Oscar Avila,Ítaca,Latin / Instrumental
Pixel_Hunt_-_PaulWernerMusic_spectrogram.png,Pixel Hunt,PaulWernerMusic,Electronic / Chiptune
Plucky_Comedy_-_Geoff_Harvey_spectrogram.png,Plucky Comedy,Geoff Harvey,Instrumental / Comedy
"PUETO_PA_LO_MIO_RECORDS_-_CHAKA_CHAKA_I_-_Pueto_pa_lo_mio_records_Presenta_-_Choque_Dineral_(Musica_urbana,_trap,_rap,_hiphop,_dembow)_spectrogram.png",PUETO PA LO MIO RECORDS - CHAKA CHAKA I - Pueto pa lo mio records Presenta," Choque Dineral (Musica urbana, trap, rap, hiphop, dembow)",Latin / Trap
Pájaros_de_sueños_-_Soledad_Balbontin_spectrogram.png,Pájaros de sueños,Soledad Balbontin,Latin / Folk
quencíc_-_sundøwn_reverie_spectrogram.png,quencíc,sundøwn reverie,Electronic / Lo-fi
Que_Viva_La_Salsa_-_Jan_Acendra_Son_Latino_spectrogram.png,Que Viva La Salsa,Jan Acendra Son Latino,Salsa / Latin
Relaxing_Nature_Music_-_Raw_Vibrations_spectrogram.png,Relaxing Nature Music,Raw Vibrations,Ambient / Nature
Retrowave_Synthwave_-_KostiaDeep_spectrogram.png,Retrowave Synthwave,KostiaDeep,Synthwave / Electronic
Riffy_The_Rocker_-_Twangtastic_spectrogram.png,Riffy The Rocker,Twangtastic,Rock / Instrumental
Riff_n_Roll_-_Twangtastic_spectrogram.png,Riff n Roll,Twangtastic,Rock / Instrumental
Roots_-_galdson_spectrogram.png,Roots,galdson,World / Instrumental
Royalty_Free_Music_-_Synthwave_Phonk_spectrogram.png,Royalty Free Music,Synthwave Phonk,Synthwave / Phonk
Save_Me_(RVNS_Remix)_-_Back_On_Earth_spectrogram.png,Save Me (RVNS Remix),Back On Earth,Alternative Rock / Electronic
Seal_Lullabye_-_Kesakoo (1)_spectrogram.png,Seal Lullabye,Kesakoo (1),Ambient / Lullaby
Seal_Lullabye_-_Kesakoo_spectrogram.png,Seal Lullabye,Kesakoo,Ambient / Lullaby
Sea_Mines_(Feat._Sink600)_-_Tony_Bontana_spectrogram.png,Sea Mines (Feat. Sink600),Tony Bontana,Hip-Hop / Experimental
Sin_miedo_-_Living_Camboya_spectrogram.png,Sin miedo,Living Camboya,Latin / Rock
Skank_Shift_-_larg.productions_spectrogram.png,Skank Shift,larg.productions,Reggae / Electronic
Smoke_break_-_Dal_Studio_spectrogram.png,Smoke break,Dal Studio,Jazz / Instrumental
SoulProdMusic_-_Snow_spectrogram.png,SoulProdMusic,Snow,Soul / Instrumental
Space_Cyberpunk_-_Alexey_Anisimov_(2)_spectrogram.png,Space Cyberpunk,Alexey Anisimov (2),Electronic / Cyberpunk
Stefano_Mazzola_-_Angelo_della_speranza_(classic_trance)_spectrogram.png,Stefano Mazzola,Angelo della speranza (classic trance),Trance / Electronic
Sweet_Soul_Musik_-_DR_GROOVE_GANG_spectrogram.png,Sweet Soul Musik,DR GROOVE GANG,Soul / Funk
Symphony_No._5_-_daniel.bautista_spectrogram.png,Symphony No. 5,daniel.bautista,Classical / Rock
Tab_-_Secret_of_Mana_(feat._AURC)_spectrogram.png,Tab,Secret of Mana (feat. AURC),Electronic / Chiptune
Take_Down_The_Sun_-_State_Shirt_(2)_spectrogram.png,Take Down The Sun,State Shirt (2),Indie Electronic / Lo-fi
Tale_of_a_lifetime_(feat._Luca_Calabrese)_-_FeelX_(2)_spectrogram.png,Tale of a lifetime (feat. Luca Calabrese),FeelX (2),Progressive Rock
TazDev_-_Chill_Lounge_Lofi_Beat_spectrogram.png,TazDev,Chill Lounge Lofi Beat,Lo-fi / Chill
Tercer_Tiempo_-_Gustavo_Crochenci_spectrogram.png,Tercer Tiempo,Gustavo Crochenci,Latin / Instrumental
That_morning_-_Mr.DeVo_spectrogram.png,That morning,Mr.DeVo,Jazz / Instrumental
thebesticando_-_naturalbody2_spectrogram.png,thebesticando,naturalbody2,Electronic / Experimental
They_-_ChillPanic_spectrogram.png,They,ChillPanic,Chill / Electronic
They_Come_At_Night_-_Hands_of_Attrition_spectrogram.png,They Come At Night,Hands of Attrition,Metal / Rock
The_Golden_Moons_-_Early_Morning_Serenity__Nature_Ambience_spectrogram.png,The Golden Moons,Early Morning Serenity  Nature Ambience,Ambient / New Age
The_Golden_Moons_-_Warm_Celestial_Psychedelic_Texture_spectrogram.png,The Golden Moons,Warm Celestial Psychedelic Texture,Psychedelic / Ambient
The_southern_train_-_beemaztar_spectrogram.png,The southern train,beemaztar,Folk / Instrumental
The_Sun_and_The_Rain_(instrumental_version)_-_DD88_spectrogram.png,The Sun and The Rain (instrumental version),DD88,Instrumental / Electronic
Toy_Factory_-_FiluAndDina_(3)_spectrogram.png,Toy Factory,FiluAndDina (3),Electronic / Experimental
Triplexity_-_Invited_(with_Jennifer_Greer)_-_Triplexity_spectrogram.png,Triplexity - Invited (with Jennifer Greer),Triplexity,Jazz / Electronic
Tv_Food_and_Fast_Vision_-_The_MARXMALLOWS_(2)_spectrogram.png,Tv Food and Fast Vision,The MARXMALLOWS (2),Punk / Rock
Twisted_Fantasies_-_KostiaDeep_spectrogram.png,Twisted Fantasies,KostiaDeep,Electronic / Deep House
Undercover_-_Neon_NiteClub_(2)_spectrogram.png,Undercover,Neon NiteClub (2),Synthpop / Electronic Pop
Until_Tonight_-_Back_On_Earth_spectrogram.png,Until Tonight,Back On Earth,Alternative Rock / Pop Rock
Visitors_-_Linturaven_spectrogram.png,Visitors,Linturaven,Synthwave / Electronic
Vlog_Hip_Hop_(Full_Version)_-_Ivan_Ryzhko_spectrogram.png,Vlog Hip Hop (Full Version),Ivan Ryzhko,Hip Hop
Volemos_Juntos_Piano_solo_Instrumental_-_DalCuore_spectrogram.png,Volemos Juntos Piano solo Instrumental,DalCuore,Instrumental Piano
v_etom_momente_-_kbkbts._spectrogram.png,v etom momente,kbkbts.,Boom Bap / Hip Hop
Undercover_-_Neon_NiteClub_(2)_spectrogram.png,Undercover,Neon NiteClub (2),Synthpop / Electronic Pop
Until_Tonight_-_Back_On_Earth_spectrogram.png,Until Tonight,Back On Earth,Alternative Rock / Pop Rock
Vlog_Hip_Hop_(Full_Version)_-_Ivan_Ryzhko_spectrogram.png,Vlog Hip Hop (Full Version),Ivan Ryzhko,Hip Hop
Volemos_Juntos_Piano_solo_Instrumental_-_DalCuore_spectrogram.png,Volemos Juntos Piano solo Instrumental,DalCuore,Instrumental Piano
v_etom_momente_-_kbkbts._spectrogram.png,v etom momente,kbkbts.,Boom Bap / Hip Hop
Wake_Up_-_Square_a_Saw_spectrogram.png,Wake Up,Square a Saw,Pop / Future Bass
Walkman_-_SH_MUSIC_(lukhash) (1)_spectrogram.png,Walkman,SH MUSIC (lukhash) (1),Chiptune / Electronic
Walkman_-_SH_MUSIC_(lukhash)_spectrogram.png,Walkman,SH MUSIC (lukhash),Chiptune / Electronic
Walk_in_the_row_-_RedSharp_spectrogram.png,Walk in the row,RedSharp,Soul
Wasnt_Enough_(feat._Michelle)_-_Tom_Orlando_spectrogram.png,Wasnt Enough (feat. Michelle),Tom Orlando,Pop / Hip-Hop
Watered_Down_-_Giovanna_Crescenzo_spectrogram.png,Watered Down,Giovanna Crescenzo,Trap / R&B / Pop
Waxstar_-_Atreyu_spectrogram.png,Waxstar,Atreyu,Metalcore / Heavy Metal
Weight_On_It_-_FayroMusic_spectrogram.png,Weight On It,FayroMusic,Hip-Hop / Rap
We_got_the_vibes_(_Feat_Fil_Straughan)_-_D_JAY_KOI_spectrogram.png,We got the vibes ( Feat Fil Straughan),D JAY KOI,R&B / Soul / Pop
Whashington_Square_(by_Papercut_-_feat._Mike_Ryrie)_-_FeelX_(2)_spectrogram.png,Whashington Square (by Papercut - feat. Mike Ryrie),FeelX (2),Prog Rock / Pop
When_I_Fade_Out_-_The_Ambient_Light (1)_spectrogram.png,When I Fade Out,The Ambient Light (1),Ambient / Dream Pop
When_I_Fade_Out_-_The_Ambient_Light_spectrogram.png,When I Fade Out,The Ambient Light,Ambient / Dream Pop
When_I_Saw_You_Dance_-_Sam_Garbett_spectrogram.png,When I Saw You Dance,Sam Garbett,Pop / Indie / Funk
When_the_snow_falls..._-_Ralf_G._spectrogram.png,When the snow falls...,Ralf G.,Christmas / Folk
White_Knight_-_ebunny_spectrogram.png,White Knight,ebunny,Celtic / Folk
Winter_Dream_-_GoldenAntelope_spectrogram.png,Winter Dream,GoldenAntelope,New Age / Folk
Yigit_Atilla_-_Love_Frequency_spectrogram.png,Yigit Atilla,Love Frequency,R&B / Soul / Lo-fi
Young_Blood_-_Lo-Fi_Chill_Hip_Hop_(Full_Track_-_No_Vocal)_-_Ronin_Production_spectrogram.png,Young Blood - Lo-Fi Chill Hip Hop (Full Track - No Vocal),Ronin Production,Lo-Fi Hip Hop
Your_Loves_Got_Me_Blinded_-_Noelle_Chiodo (1)_spectrogram.png,Your Loves Got Me Blinded,Noelle Chiodo (1),Pop / Soul
Your_Loves_Got_Me_Blinded_-_Noelle_Chiodo_spectrogram.png,Your Loves Got Me Blinded,Noelle Chiodo,Pop / Soul
You_-_Giovanna_Crescenzo_spectrogram.png,You,Giovanna Crescenzo,R&B / Pop
You_Were_You_-_Kara_Square_and_Piero_Peluche_spectrogram.png,You Were You,Kara Square and Piero Peluche,Electro Folk Pop
YO_NO_QUIERO_CASARME_-_DURO_MAMBO_(SALSA_-_merengue_-_mambo_-_latin_-_salsa)_-_DURO_MAMBO_spectrogram.png,YO NO QUIERO CASARME - DURO MAMBO (SALSA - merengue - mambo - latin - salsa),DURO MAMBO,Salsa / Latin
Zuzu's_Petals_-_Temperature_Falls_(2)_spectrogram.png,Zuzu's Petals,Temperature Falls (2),Trip-Hop / Alternative Rock
[n]_-_Coastline_spectrogram.png,[n],Coastline,EDM
МЯУ_-_SMS_spectrogram.png,МЯУ,SMS,Trap
03_Double_dream_-_Botanica_magia (1)_spectrogram.png,03 Double dream,Botanica magia (1),Electronic / Dream Pop
03_Double_dream_-_Botanica_magia_spectrogram.png,03 Double dream,Botanica magia,Electronic / Dream Pop
09-Puppa_Nadem_feat_Jamanle_-_La_Technique_-_Selecta_Dje_aka_ProphetDje_spectrogram.png,09-Puppa Nadem feat Jamanle - La Technique,Selecta Dje aka ProphetDje,Reggae / Electronic
1._B-eiger_-_Happy!_-_B-eiger_spectrogram.png,1. B-eiger - Happy! - B,eiger,Electronic / Pop
100%_Housegemacht_-_DJ_Soulblade_spectrogram.png,100% Housegemacht,DJ Soulblade,House / Electronic
4anewbegining_(Psy)_-_xl.ant_spectrogram.png,4anewbegining (Psy),xl.ant,Psytrance / Electronic
Africa_The_Cradle_of_Life_(Epic_Version)_-_gregoire.lourme_spectrogram.png,Africa The Cradle of Life (Epic Version),gregoire.lourme,World / Epic
Amor_Pletórico_-_Living_Camboya_spectrogram.png,Amor Pletórico,Living Camboya,Latin / Rock
Aria_-_Suite_n°3_pour_orchestre_en_ré_majeur_de_J-S_Bach_(Arietys_Remix)_-_arietys_spectrogram.png,Aria - Suite n°3 pour orchestre en ré majeur de J-S Bach (Arietys Remix),arietys,Classical / Electronic
Atmospheric_Chill_-_Lart_spectrogram.png,Atmospheric Chill,Lart,Ambient / Chill
Bach_Ave_Maria_Jazz_Piano_-_ABSounds_(3)_spectrogram.png,Bach Ave Maria Jazz Piano,ABSounds (3),Jazz / Classical
Background_Music_Lofi_Hip_Hop_Beat_Chill_Lofi_Chill_jazz_lofi_type_beat_-_PeryCreep_spectrogram.png,Background Music Lofi Hip Hop Beat Chill Lofi Chill jazz lofi type beat,PeryCreep,Lo-fi Hip Hop / Jazz
Badis_Latitude_Goove_-_Christhelik_(2)_spectrogram.png,Badis Latitude Goove,Christhelik (2),Electronic / Groove
Beach_party_-_Lukas_(3)_spectrogram.png,Beach party,Lukas (3),Electronic / Pop
Beautiful_Lounge_-_Sergey_Gulevich_spectrogram.png,Beautiful Lounge,Sergey Gulevich,Lounge / Chill
Been_Waiting_(feat._Rebekka_Salomea)_-_JAIEF_ASONG_(2)_spectrogram.png,Been Waiting (feat. Rebekka Salomea),JAIEF ASONG (2),R&B / Jazz
Before_Battle_-_Anton_Kowalski_spectrogram.png,Before Battle,Anton Kowalski,Electronic / Epic
Benz_Truck_ft._Swagg_Milly_-_Ralph_Da_God_(3)_spectrogram.png,Benz Truck ft. Swagg Milly,Ralph Da God (3),Hip-Hop / Trap
Berool_-_Soundbathing_-_Chill_Lo-Fi_Hip-Hop_spectrogram.png,Berool - Soundbathing - Chill Lo-Fi Hip,Hop,Lo-fi Hip Hop / Chill
Blockbuster_Trailer_-_soundside_spectrogram.png,Blockbuster Trailer,soundside,Soundtrack / Epic
blue_monday_evening_piano_jazz_session_-_Piano_Dreamer_(2)_spectrogram.png,blue monday evening piano jazz session,Piano Dreamer (2),Jazz / Piano
Boomerang_-_HoneyChrome_spectrogram.png,Boomerang,HoneyChrome,R&B / Pop
Calm_Lo_Fi_-_Dmitriy_(2)_spectrogram.png,Calm Lo Fi,Dmitriy (2),Lo-Fi
Chill_Ocelot_-_The_Cold_City_spectrogram.png,Chill Ocelot,The Cold City,Lo-Fi / Chill
Closure_-_Acoustic_-_Seth_Power_(2) (1)_spectrogram.png,Closure - Acoustic,Seth Power (2) (1),Acoustic / Pop
Closure_-_Acoustic_-_Seth_Power_(2)_spectrogram.png,Closure - Acoustic,Seth Power (2),Acoustic / Pop
Cyberpunk_-_Energysound_(3)_spectrogram.png,Cyberpunk,Energysound (3),Electronic / Cyberpunk
Deathless_-_Absolutely_Curtains_spectrogram.png,Deathless,Absolutely Curtains,Dark Ambient
DHDMusic_-_Autumn_Impression_spectrogram.png,DHDMusic,Autumn Impression,New Age
DJ_Alvin_-_Quad_-_Alvin_Production_spectrogram.png,DJ Alvin - Quad,Alvin Production,Dance
Dorila_y_Mello_-_Popoi_spectrogram.png,Dorila y Mello,Popoi,Chill-out
DPSTP_-_DPSTP_-_Reason_spectrogram.png,DPSTP - DPSTP,Reason,Mainstage
Energetic_Techno_Rave_Party_-_Alexey_Anisimov_(2)_spectrogram.png,Energetic Techno Rave Party,Alexey Anisimov (2),Techno
Enjoit_-_Roger_Subirana_spectrogram.png,Enjoit,Roger Subirana,New Age
Epic_Medieval_Battle_-_AkashicRecords_spectrogram.png,Epic Medieval Battle,AkashicRecords,Epic
Eto_Lash_Rakhbo_Kothay_-_Khalid_Sangeet_-_khalidsangeet_spectrogram.png,Eto Lash Rakhbo Kothay - Khalid Sangeet,khalidsangeet,World
hefxthoth_-_jazzman_chills_the_thrill_spectrogram.png,hefxthoth,jazzman chills the thrill,Jazz / Chill
Here_With_You_-_Sam_Garbett (1)_spectrogram.png,Here With You,Sam Garbett (1),Pop / Indie
Here_With_You_-_Sam_Garbett_spectrogram.png,Here With You,Sam Garbett,Pop / Indie
I'm_Gone_-_Hands_of_Attrition_spectrogram.png,I'm Gone,Hands of Attrition,Metal
Igor_Pumphonia_-_Happy_(Dub)_-_ChillRecords_spectrogram.png,Igor Pumphonia - Happy (Dub),ChillRecords,Electronic / Dub
Igor_Pumphonia_-_Le_Compromis_(Dub)_-_ChillRecords_spectrogram.png,Igor Pumphonia - Le Compromis (Dub),ChillRecords,Electronic / Dub
Inspiring_Chill_-_Sergey_Gulevich_spectrogram.png,Inspiring Chill,Sergey Gulevich,Chill / Ambient
IsoNation_drum_and_bass_-_Timofiy_Starenkov_spectrogram.png,IsoNation drum and bass,Timofiy Starenkov,Electronic / Drum and Bass
J.Salazar_-_J.Salazar_-_Mentiras_(By_SavageBeatz)_spectrogram.png,J.Salazar - J.Salazar,Mentiras (By SavageBeatz),Hip-Hop / Latin
Jackson_Frost_-_Melodic_Techno_spectrogram.png,Jackson Frost,Melodic Techno,Electronic / Techno
Jackson_Frost_-_Tango_spectrogram.png,Jackson Frost,Tango,World / Tango
Jazzfi_-_DJ_Nelson_spectrogram.png,Jazzfi,DJ Nelson,Jazz / Electronic
Keldamuzik_-_All_I_have_-_Keldamuzik_(2)_spectrogram.png,Keldamuzik - All I have,Keldamuzik (2),R&B / Hip-Hop
King_Solomon_with_Vernon_Reid_John_Popper_-_One_Wish_Carnival_spectrogram.png,King Solomon with Vernon Reid John Popper,One Wish Carnival,Rock / Blues
Lifeline_-_Neon_NiteClub_(2)_spectrogram.png,Lifeline,Neon NiteClub (2),Synthpop / Electronic
Lleno_de_Life_-_Rey_Electrico_spectrogram.png,Lleno de Life,Rey Electrico,Latin / Electronic
lockdown_blues_-_lonely_piano_spectrogram.png,lockdown blues,lonely piano,Blues / Piano
LowDown_Mini_Reel_#6_(No_Ceiling)_-_LowDown_Brass_Band_(2)_spectrogram.png,LowDown Mini Reel #6 (No Ceiling),LowDown Brass Band (2),Jazz / Brass
Lowtone_Music_-_Lounge_Lo-Fi_spectrogram.png,Lowtone Music - Lounge Lo,Fi,Lo-fi / Lounge
Lo_Fi_Downtempo_-_PuzzleWaves_spectrogram.png,Lo Fi Downtempo,PuzzleWaves,Lo-fi / Downtempo
